hotel_id,name,area,lat,lon,source,match_status,review_count,avg_rating,has_reviews,match_score,coord_precision
le-meridien-bali-jimbaran,Le Meridien Bali Jimbaran,Jimbaran Bali,-8.7812684,115.1658384,mendeley+osm,matched,2,4.5,True,96.0,exact
maya-sanur-resort-and-spa,Maya Sanur Resort & Spa,Sanur Denpasar Bali,-8.697475,115.2638238,mendeley+osm,matched,451,4.84,True,100.0,exact
nusa-dua-beach-hotel-and-spa,Nusa Dua Beach Hotel & Spa,Nusa Dua Bali,-8.794123,115.2299877,mendeley+osm,matched,228,4.69,True,90.2,exact
the-apurva-kempinski,The Apurva Kempinski,Nusa Dua Bali,-8.8293119,115.2167281,mendeley+osm,matched,19,4.89,True,100.0,exact
ulaman-eco-retreat,Ulaman Eco Retreat,Tabanan Bali,-8.5929464,115.1305421,mendeley+osm,matched,95,4.96,True,100.0,exact
adiwana-bisma-ubud,Adiwana Bisma Ubud,Ubud Bali,-8.5167898,115.2576164,mendeley+nominatim_direct,osm_review_then_direct_geocode,331,4.97,True,,street_level
anantara-uluwatu-bali-resort,Anantara Uluwatu Bali Resort,Pecatu Bali,-8.8088718,115.1085807,mendeley+nominatim_direct,osm_review_then_direct_geocode,116,4.8,True,,exact
atanaya-hotel,Atanaya Hotel,Kuta Bali,-8.7031544,115.1804265,mendeley+nominatim_direct,osm_review_then_direct_geocode,460,4.62,True,,exact
blue-lagon-avia-villas,Blue Lagon Avia Villas,Nusa Ceningan Bali,,,mendeley_no_coords,needs_manual_geocode,82,4.95,True,,
hideaway-villas-bali,Hideaway Villas Bali,Pecatu Bali,,,mendeley_no_coords,needs_manual_geocode,79,4.81,True,,
merccure-bali-legian,Merccure Bali Legian,Legian Kuta Bali,-8.7081978,115.1721247,mendeley+nominatim_direct,osm_review_then_direct_geocode,1472,4.56,True,,exact
radisson-blu-resort-bali-uluwatu,Radisson Blu Resort Bali Uluwatu,Labuan Sait Pecatu Bali,,,mendeley_no_coords,needs_manual_geocode,249,4.84,True,,
ramayana-candidasa-bali,Ramayana Candidasa Bali,Candidasa Karangasem Bali,-8.5050009,115.5577204,mendeley+nominatim_direct,osm_review_then_direct_geocode,514,4.82,True,,exact
sun-suko-boutique-retreat,Sun Suko Boutique Retreat,Buleleng Bali,-8.1522494,114.6529911,mendeley+nominatim_direct,osm_unmatched_then_direct_geocode,82,4.99,True,,exact
the-anvaya-beach-resort,The Anvaya Beach Resort,Kuta Bali,-8.7328419,115.1659977,mendeley+nominatim_direct,osm_review_then_direct_geocode,1093,4.84,True,,exact
the-stones-hotel-legian-bali,The Stones Hotel Legian Bali,Legian Kuta Bali,-8.7112641,115.1674953,mendeley+nominatim_direct,osm_matched_then_direct_geocode,525,4.7,True,,exact
osm-316955317,Puri Rai,,-8.5303375,115.5099251,osm_only,n/a,0,,False,,exact
osm-317207548,Artini 2,,-8.5148691,115.2636875,osm_only,n/a,0,,False,,exact
osm-454111455,Pacung Mountain Resort,,-8.3363988,115.1872024,osm_only,n/a,0,,False,,exact
osm-489583809,Ramada Resort Benoa,Badung,-8.758852,115.22115,osm_only,n/a,0,,False,,exact
osm-516246345,Tanis Villas,,-8.6831812,115.4323382,osm_only,n/a,0,,False,,exact
osm-516246614,Bali Hai,,-8.6825703,115.4335827,osm_only,n/a,0,,False,,exact
osm-597808678,Puri Royan,,-8.7689511,115.1703331,osm_only,n/a,0,,False,,exact
osm-608160786,Four Seasons,,-8.5016702,115.2427903,osm_only,n/a,0,,False,,exact
osm-636635059,Bedugul Lodge,,-8.2490968,115.1387524,osm_only,n/a,0,,False,,exact
osm-661737982,Novotel Nusa Dua,,-8.8081057,115.2256682,osm_only,n/a,0,,False,,exact
osm-686792963,Tauch Terminal Tulamben,,-8.2761942,115.5930475,osm_only,n/a,0,,False,,exact
osm-686798006,Villa Markisa Dive Resort,"Desa Tulamben, Kubu",-8.2946337,115.6105789,osm_only,n/a,0,,False,,exact
osm-694085906,Semawang Beach Hotel,,-8.7096677,115.2577458,osm_only,n/a,0,,False,,exact
osm-718862992,Rini Hotel,,-8.1593985,115.027065,osm_only,n/a,0,,False,,exact
osm-756855309,Amertha Bali Villas,,-8.1449447,114.6567598,osm_only,n/a,0,,False,,exact
osm-756855336,Aneka Bagus,,-8.1480283,114.6719946,osm_only,n/a,0,,False,,exact
osm-756855341,Adi Assri,,-8.1457662,114.6604685,osm_only,n/a,0,,False,,exact
osm-756888808,North Bali Beach Cottages & Spa,,-8.1636715,114.7384344,osm_only,n/a,0,,False,,exact
osm-757081186,Alam Anda Dive & Spa Resort,,-8.148259,115.4113247,osm_only,n/a,0,,False,,exact
osm-757081189,Siddhartha Ocean Front Resort & Spa,,-8.2537538,115.5767282,osm_only,n/a,0,,False,,exact
osm-757107869,Kedin Inn,,-8.7203044,115.1712647,osm_only,n/a,0,,False,,exact
osm-757107882,Kuta Puri Bungalows,,-8.7199629,115.1702035,osm_only,n/a,0,,False,,exact
osm-757372578,Bali Mandira Resort,Badung,-8.7065605,115.1673301,osm_only,n/a,0,,False,,exact
osm-757372610,Adi Dharma,,-8.713552,115.1731029,osm_only,n/a,0,,False,,exact
osm-790924553,Maya Ubud,,-8.5131489,115.2779248,osm_only,n/a,0,,False,,exact
osm-794606886,Sanur Paradise Plaza,,-8.6936396,115.2595197,osm_only,n/a,0,,False,,exact
osm-811561253,Best Western Resort Kuta,"Kuta, Kabupaten Badung, Bali, Indonesia",-8.7320292,115.1715902,osm_only,n/a,0,,False,,exact
osm-815317118,Puri Bagus Lovina,,-8.1280144,115.0610011,osm_only,n/a,0,,False,,exact
osm-815317161,Inna Grand Hotel,,-8.6846963,115.2638229,osm_only,n/a,0,,False,,exact
osm-815317275,Prama Sanur Beach Bali,"Sanur, Bali",-8.7094568,115.2562988,osm_only,n/a,0,,False,,exact
osm-815317371,Respati Sanur Beach Hotel,,-8.6879046,115.2640096,osm_only,n/a,0,,False,,exact
osm-815317685,Puri Bagus Candidasa,Karangasem,-8.5133607,115.5789815,osm_only,n/a,0,,False,,exact
osm-815317852,Hotel Werdhapura,"Sanur, Denpasar Tim., Kota Denpasar, Bali, Indonesia",-8.6917654,115.2646481,osm_only,n/a,0,,False,,exact
osm-815317921,Besakhi,,-8.6894722,115.2640995,osm_only,n/a,0,,False,,exact
osm-830563806,Nirwana Seaside Cottages,,-8.1614903,115.0248618,osm_only,n/a,0,,False,,exact
osm-916036038,Sanda Boutique Hotel,,-8.3615092,115.0300551,osm_only,n/a,0,,False,,exact
osm-943234317,Klapa Resort,,-8.7999069,115.119812,osm_only,n/a,0,,False,,exact
osm-944834006,The Wing Ed Hotel,,-8.7997811,115.163624,osm_only,n/a,0,,False,,exact
osm-949990132,100 Sunset Boutique Hotel,"Kuta, Badung Regency, Bali",-8.7176835,115.1844956,osm_only,n/a,0,,False,,exact
osm-955541334,Bintang Bungalows,,-8.6836292,115.2600689,osm_only,n/a,0,,False,,exact
osm-959156633,Prana Dewi,,-8.3886255,115.109244,osm_only,n/a,0,,False,,exact
osm-964981480,Tanaya Bed & Breakfast Bali,"Kuta, Badung, Bali",-8.7131457,115.1733238,osm_only,n/a,0,,False,,exact
osm-965005646,Fourteen Roses Hotel,"Kuta, Badung, Bali",-8.7138221,115.1733307,osm_only,n/a,0,,False,,exact
osm-965104356,Restu Bali Hotel,"Legian,Bali",-8.7144476,115.1736647,osm_only,n/a,0,,False,,exact
osm-965128409,Simpang Inn,,-8.7158843,115.173664,osm_only,n/a,0,,False,,exact
osm-965133277,Agung Cottages,Badung,-8.715932,115.1741326,osm_only,n/a,0,,False,,exact
osm-965136924,The Niche,,-8.7160233,115.1741874,osm_only,n/a,0,,False,,exact
osm-965184726,Prawita,,-8.7190706,115.1747223,osm_only,n/a,0,,False,,exact
osm-965191787,Aquarius Star Hotel,"Kuta, Badung, Bali",-8.719398,115.1750529,osm_only,n/a,0,,False,,exact
osm-965193460,Paradiso Beach Inn,,-8.7195632,115.1748113,osm_only,n/a,0,,False,,exact
osm-965208255,Maha Bharata,,-8.719839,115.1756015,osm_only,n/a,0,,False,,exact
osm-965830459,Inna Kuta Beach Hotel Bali,"Kuta, Bali",-8.7236315,115.1697356,osm_only,n/a,0,,False,,exact
osm-965861481,Mercure Kuta Bali,"Banjar Pande Mas, Kuta, Badung, Bali",-8.7208728,115.1699713,osm_only,n/a,0,,False,,exact
osm-966439862,Suka Beach Inn,"Kuta, Badung, Bali",-8.7159522,115.1722948,osm_only,n/a,0,,False,,exact
osm-986329119,Novotel Bali Benoa,,-8.7600158,115.2216144,osm_only,n/a,0,,False,,exact
osm-986329123,Grand Mirage,,-8.7672881,115.2220693,osm_only,n/a,0,,False,,exact
osm-989897211,Melia Benoa,,-8.7890357,115.2287836,osm_only,n/a,0,,False,,exact
osm-1017757530,Amankila,,-8.5007591,115.5275407,osm_only,n/a,0,,False,,exact
osm-1034635842,Alila Villas Uluwatu,,-8.8441965,115.135889,osm_only,n/a,0,,False,,exact
osm-1034639351,Bulgari Resort Bali,"Banjar Dinas Kangin, Uluwatu",-8.8438452,115.1206599,osm_only,n/a,0,,False,,exact
osm-1036801290,The Samaya Ubud Bali,,-8.5131212,115.2366028,osm_only,n/a,0,,False,,exact
osm-1036813135,Kupu Kupu Barong Villas and Tree Spa,,-8.491387,115.2469781,osm_only,n/a,0,,False,,exact
osm-1036918510,"Umana Bali, LXR Hotels & Resorts",,-8.8440839,115.158979,osm_only,n/a,0,,False,,exact
osm-1037476042,Amanusa,,-8.805178,115.2232767,osm_only,n/a,0,,False,,exact
osm-1038017700,Elephant Safari Park lodge,,-8.5069505,115.2635887,osm_only,n/a,0,,False,,exact
osm-1038065878,The Ubud Village,,-8.543133,115.2501595,osm_only,n/a,0,,False,,exact
osm-1038909882,The Edge,,-8.833552,115.1228807,osm_only,n/a,0,,False,,exact
osm-1038912120,The Hill Villas,,-8.7882665,115.203973,osm_only,n/a,0,,False,,exact
osm-1087689004,Alam Jiwa,,-8.5245833,115.2583336,osm_only,n/a,0,,False,,exact
osm-1153587855,Banuswari Resort & Spa,,-8.5400471,115.2872797,osm_only,n/a,0,,False,,exact
osm-1192632011,Puri Wirata Resort & Spa,,-8.3462427,115.6776046,osm_only,n/a,0,,False,,exact
osm-1192638938,Adirama Beach Hotel,,-8.1658665,115.0128443,osm_only,n/a,0,,False,,exact
osm-1201146779,Made Homestay,,-8.5304704,115.5095744,osm_only,n/a,0,,False,,exact
osm-1233451780,Tanah Merah Resort & Gallery,,-8.4867124,115.2843114,osm_only,n/a,0,,False,,exact
osm-1292430876,Kubu Indah Dive & Spa Resort,,-8.2472932,115.5712979,osm_only,n/a,0,,False,,exact
osm-1314476656,Legong Keraton Beach Hotel,,-8.6671948,115.139654,osm_only,n/a,0,,False,,exact
osm-1316479913,Reef Seen Divers Resort,,-8.1439888,114.6558447,osm_only,n/a,0,,False,,exact
osm-1316479942,Royal Amertha,,-8.1478439,114.6734958,osm_only,n/a,0,,False,,exact
osm-1316483752,Tirta Sari,,-8.1451453,114.6556465,osm_only,n/a,0,,False,,exact
osm-1347365544,Biyukukung Suites & Spa,,-8.5170222,115.2644853,osm_only,n/a,0,,False,,exact
osm-1456256757,Laghawa Beach,,-8.6926575,115.2644639,osm_only,n/a,0,,False,,exact
osm-1456256763,Palm Garden,,-8.7062365,115.2606382,osm_only,n/a,0,,False,,exact
osm-1456256769,Puri Gopa,Sanur Kauh,-8.7056751,115.2605797,osm_only,n/a,0,,False,,exact
osm-1533605722,hotel alits beach bungalow,,-8.6727909,115.2626403,osm_only,n/a,0,,False,,exact
osm-1533609350,Amanda Beach,,-8.6734999,115.2631428,osm_only,n/a,0,,False,,exact
osm-1533609353,Bali Rich Hotel,,-8.6712487,115.2618637,osm_only,n/a,0,,False,,exact
osm-1534959995,Diwany kara holyday,,-8.6745201,115.2634463,osm_only,n/a,0,,False,,exact
osm-1584269799,Dolphin Beach Bali,,-8.1657898,115.0120499,osm_only,n/a,0,,False,,exact
osm-1597737971,Bumas Hotel,,-8.6899042,115.2628313,osm_only,n/a,0,,False,,exact
osm-1598662107,Nagasari,,-8.7244687,115.1735708,osm_only,n/a,0,,False,,exact
osm-1606064666,Saren Indah,,-8.5202949,115.2575066,osm_only,n/a,0,,False,,exact
osm-1655790314,Ubud Bungalow,,-8.5148727,115.2605103,osm_only,n/a,0,,False,,exact
osm-1705732993,Matahari Terbit Bali Resort & Spa,Nusa Dua,-8.7739829,115.2231208,osm_only,n/a,0,,False,,exact
osm-1707518181,Aston Inn Tuban Hotel,,-8.7369637,115.1770215,osm_only,n/a,0,,False,,exact
osm-1707524660,Hotel Nikko Bali Benoa Beach,Kuta,-8.7721655,115.2227134,osm_only,n/a,0,,False,,exact
osm-1709273980,Un's Hotel,,-8.712492,115.170779,osm_only,n/a,0,,False,,exact
osm-1711192190,The Damai,,-8.181301,115.04399,osm_only,n/a,0,,False,,exact
osm-1726087033,Oberoi Hotel,Seminyak Beach,-8.6868124,115.1553708,osm_only,n/a,0,,False,,exact
osm-1726087734,Uma Sapna Villas,,-8.6866624,115.1644302,osm_only,n/a,0,,False,,exact
osm-1726088777,Ahimsa Villas,,-8.6894411,115.1717258,osm_only,n/a,0,,False,,exact
osm-1726088778,The Villas,,-8.6890169,115.1709319,osm_only,n/a,0,,False,,exact
osm-1726093401,Dyana Villas,,-8.6923471,115.1635504,osm_only,n/a,0,,False,,exact
osm-1726093429,Villa Serene,,-8.6877654,115.1649023,osm_only,n/a,0,,False,,exact
osm-1726093542,Sentosa Private Villas & Spa,,-8.680502,115.1555853,osm_only,n/a,0,,False,,exact
osm-1750384928,Bali Niksoma Hotel,Legian Beach,-8.7020963,115.1646915,osm_only,n/a,0,,False,,exact
osm-1751871016,Villa Jam,,-8.6842904,115.1615319,osm_only,n/a,0,,False,,exact
osm-1753699198,De Munut Resort,Ubud,-8.5060272,115.2538442,osm_only,n/a,0,,False,,exact
osm-1805892050,Coral view villas,,-8.3504308,115.6821685,osm_only,n/a,0,,False,,exact
osm-1805951073,Puri Bambu Hotel,kedonganan,-8.7629698,115.1728997,osm_only,n/a,0,,False,,exact
osm-1806077667,Rumah Bali,,-8.7715809,115.2218652,osm_only,n/a,0,,False,,exact
osm-1817507583,Cicada Luxury Townhouses,,-8.6808363,115.1550016,osm_only,n/a,0,,False,,exact
osm-1821357995,Bali Tropic Resort & Spa,,-8.7860258,115.2257471,osm_only,n/a,0,,False,,exact
osm-1822929784,Villa Kresna Boutique Villa,,-8.6878521,115.1591133,osm_only,n/a,0,,False,,exact
osm-1822946358,Tune Hotel Legian,,-8.6964373,115.1643061,osm_only,n/a,0,,False,,exact
osm-1828588130,The Gangsa Private Villa,Denapasar,-8.6992901,115.2571177,osm_only,n/a,0,,False,,exact
osm-1830346089,Hotel Bali Cliff,,-8.8472891,115.1678908,osm_only,n/a,0,,False,,exact
osm-1830362204,Puri Jimbaran,,-8.7823326,115.1744654,osm_only,n/a,0,,False,,exact
osm-1830640467,Puri Dewa Brata,,-8.7789081,115.170285,osm_only,n/a,0,,False,,exact
osm-1836094596,Sari Segara Hotel & Resort,,-8.7640139,115.1706538,osm_only,n/a,0,,False,,exact
osm-1836098412,Suly Resort,,-8.5311138,115.2727603,osm_only,n/a,0,,False,,exact
osm-1836110050,Sari Bali Resort,,-8.73682,115.1727299,osm_only,n/a,0,,False,,exact
osm-1837486185,Park Hotel Nusa Dua,"Taman Mumbul, Nusa Dua",-8.7947361,115.2086797,osm_only,n/a,0,,False,,exact
osm-1837489701,Puri Bali Hill,,-8.7930171,115.207109,osm_only,n/a,0,,False,,exact
osm-1911630184,Alamanda Villas,,-8.8060887,115.115994,osm_only,n/a,0,,False,,exact
osm-1914216918,Puri Sawah Hotel,,-8.4104432,115.5881157,osm_only,n/a,0,,False,,exact
osm-1924767106,The Green Zhurga Suites,,-8.6742879,115.1746251,osm_only,n/a,0,,False,,exact
osm-1946551388,The Sari Beach,Legian Beach,-8.7027147,115.1650015,osm_only,n/a,0,,False,,exact
osm-1946602568,Maharta Beach Resort,Legian Beach,-8.7023091,115.1647296,osm_only,n/a,0,,False,,exact
osm-1946602581,Melasti Beach Resort,Legian Beach,-8.703101,115.1650742,osm_only,n/a,0,,False,,exact
osm-1946602582,Puri Raja Hotel Legian Bali,Legian Beach,-8.7025134,115.1647813,osm_only,n/a,0,,False,,exact
osm-1977779907,The Lakeview Hotel Bali,,-8.2831398,115.3658438,osm_only,n/a,0,,False,,exact
osm-1987913634,Strawberry Hill,,-8.2860276,115.1693988,osm_only,n/a,0,,False,,exact
osm-1987913636,Saras,,-8.2914846,115.1699138,osm_only,n/a,0,,False,,exact
osm-1990928107,Villa Ubud,,-8.4990456,115.2933914,osm_only,n/a,0,,False,,exact
osm-2030395576,Naya Gawana Resort,,-8.1365322,114.5688024,osm_only,n/a,0,,False,,exact
osm-2035867495,Ayung Resort,,-8.4498816,115.2333466,osm_only,n/a,0,,False,,exact
osm-2107227001,Toya Devasya Resort,,-8.2501644,115.399798,osm_only,n/a,0,,False,,exact
osm-2107391101,Pulestis,,-8.1617171,115.0250856,osm_only,n/a,0,,False,,exact
osm-2109014023,Bali Nibbana Resort,,-8.1894034,114.9153621,osm_only,n/a,0,,False,,exact
osm-2109014025,Haman Resort,,-8.3989995,114.6195414,osm_only,n/a,0,,False,,exact
osm-2109014026,Jimbarwana Hotel,,-8.3565155,114.6205313,osm_only,n/a,0,,False,,exact
osm-2111192837,Balian Villas,,-8.501986,114.965634,osm_only,n/a,0,,False,,exact
osm-2111192838,Buyan Resort,,-8.2461714,115.1495059,osm_only,n/a,0,,False,,exact
osm-2111192839,Cahaya Samutra Bali,,-8.4211521,114.8126976,osm_only,n/a,0,,False,,exact
osm-2111192842,Umadewi,,-8.4195001,114.8054589,osm_only,n/a,0,,False,,exact
osm-2111193592,Handara,,-8.251094,115.1599993,osm_only,n/a,0,,False,,exact
osm-2111194905,Pondok Pitaya,Tabanan,-8.5029936,114.9659445,osm_only,n/a,0,,False,,exact
osm-2150330238,Villa Mandi,,-8.5144656,115.2505944,osm_only,n/a,0,,False,,exact
osm-2199576733,Surya Inn,Kuta,-8.7390075,115.1663649,osm_only,n/a,0,,False,,exact
osm-2276340889,Bali Diamond Villas,,-8.5997014,115.3353545,osm_only,n/a,0,,False,,exact
osm-2276491994,Ecosfera,,-8.6536729,115.1265407,osm_only,n/a,0,,False,,exact
osm-2279184587,Royal Bali Beach Club,,-8.6835625,115.1570803,osm_only,n/a,0,,False,,exact
osm-2318530650,Rattan Resto (Amadeus),Lovina,-8.1611755,115.0280729,osm_only,n/a,0,,False,,exact
osm-2320106613,Tulamben Wreck Divers Resort - Villas,,-8.2695513,115.5898833,osm_only,n/a,0,,False,,exact
osm-2321846761,Tulamben Wreck Divers Resort,,-8.2774092,115.5918869,osm_only,n/a,0,,False,,exact
osm-2327924743,Seraya Beach Resort,,-8.295207,115.6112821,osm_only,n/a,0,,False,,exact
osm-2339164691,Ibis Styles Bali Legian,"Legian, Kuta",-8.7036216,115.1686139,osm_only,n/a,0,,False,,exact
osm-2339167210,Legian Village Hotel,,-8.7058419,115.1688806,osm_only,n/a,0,,False,,exact
osm-2339167974,Garden View Cottages,,-8.7051367,115.168717,osm_only,n/a,0,,False,,exact
osm-2339801934,favehotel Seminyak,"Seminyak, Kuta, Kabupaten Badung, Bali, Indonesia",-8.6912036,115.1656873,osm_only,n/a,0,,False,,exact
osm-2341955929,Hotel Sorga Kuta,,-8.7184003,115.1718718,osm_only,n/a,0,,False,,exact
osm-2341964851,New arena hotel,,-8.7189358,115.1715285,osm_only,n/a,0,,False,,exact
osm-2341965717,Satriya Cottages,Kuta,-8.7185753,115.1703859,osm_only,n/a,0,,False,,exact
osm-2341967961,Bounty Hotel,"Kuta, Badung, Bali",-8.7169686,115.1712066,osm_only,n/a,0,,False,,exact
osm-2341970696,Kuta Seaview Boutique Resort & Spa,Bali,-8.7196994,115.1694203,osm_only,n/a,0,,False,,exact
osm-2367141551,Kuta Town Houses,"Kuta, Badung, Bali",-8.7200505,115.1736918,osm_only,n/a,0,,False,,exact
osm-2367144058,Hard Rock Hotel Bali,"Kuta, Bali",-8.7222842,115.1702572,osm_only,n/a,0,,False,,exact
osm-2385574282,The White Villas Ubud,,-8.5043735,115.2673343,osm_only,n/a,0,,False,,exact
osm-2386011028,Villa Prana Shanti,,-8.4798101,115.2561213,osm_only,n/a,0,,False,,exact
osm-2406685218,Puri Agung Inn,,-8.4369911,115.4775095,osm_only,n/a,0,,False,,exact
osm-2420586421,Pondok Pisces Bungalow,,-8.5013847,114.9646939,osm_only,n/a,0,,False,,exact
osm-2433416028,Anini Raka,,-8.498158,115.252912,osm_only,n/a,0,,False,,exact
osm-2435951287,Londo Bungalows,Ubud,-8.5043699,115.251677,osm_only,n/a,0,,False,,exact
osm-2450746347,Terrace Garden Homestay & Spa,,-8.8007243,115.155233,osm_only,n/a,0,,False,,exact
osm-2452711325,Mutiara,,-8.682471,115.158842,osm_only,n/a,0,,False,,exact
osm-2468906717,Meme Surung Homestay,,-8.2667353,115.0549475,osm_only,n/a,0,,False,,exact
osm-2468915767,Tamblang Sacred Mountain Springs Sanctuary,,-8.2540553,115.0812331,osm_only,n/a,0,,False,,exact
osm-2483419152,Amaris Hotel Legian,"Legian, Kuta, Kabupaten Badung, Bali, Indonesia",-8.7014311,115.1669378,osm_only,n/a,0,,False,,exact
osm-2490686768,The Three Brothers,,-8.7045079,115.1682615,osm_only,n/a,0,,False,,exact
osm-2498044929,Grand City Inn,Denpasar,-8.6948235,115.2384834,osm_only,n/a,0,,False,,exact
osm-2527579547,Club Residence Canggu,,-8.6617959,115.1464568,osm_only,n/a,0,,False,,exact
osm-2534967471,Sania's house Bungalows,,-8.5086209,115.2627281,osm_only,n/a,0,,False,,exact
osm-2537899956,De Sapphire Cliff Villa,,-8.815274,115.0930309,osm_only,n/a,0,,False,,exact
osm-2569271484,Bali au Naturel,,-8.1138023,115.3284063,osm_only,n/a,0,,False,,exact
osm-2570994414,Sri Ratih Cottages,,-8.5063477,115.2540036,osm_only,n/a,0,,False,,exact
osm-2580440030,Atas awan - above the clouds,,-8.339327,115.1694731,osm_only,n/a,0,,False,,exact
osm-2619390548,Villa Chapung,,-8.479567,115.2603879,osm_only,n/a,0,,False,,exact
osm-2628440362,Bali Bhuana Beach Cottages,karangasem,-8.348705,115.6806953,osm_only,n/a,0,,False,,exact
osm-2686683925,Ramayana Candidasa Resort and Spa,Karangasem,-8.5050009,115.5577204,osm_only,n/a,0,,False,,exact
osm-2686683963,Nirvana,,-8.5047939,115.5565188,osm_only,n/a,0,,False,,exact
osm-2691106894,Mercure Bali Nusa Dua,,-8.7950496,115.2167296,osm_only,n/a,0,,False,,exact
osm-2747349973,Hotel My Lovina,,-8.1608261,115.0267201,osm_only,n/a,0,,False,,exact
osm-2756924102,Ari Putri Hotel,,-8.7068878,115.2582622,osm_only,n/a,0,,False,,exact
osm-2769592675,The Sungu Resort,Penestenan,-8.5063384,115.2522721,osm_only,n/a,0,,False,,exact
osm-2843283523,Ibah,,-8.5043629,115.2555814,osm_only,n/a,0,,False,,exact
osm-2847523159,Okawati Hotel,,-8.5087293,115.260785,osm_only,n/a,0,,False,,exact
osm-2850065008,"The Westin Resort & Spa Ubud, Bali",Ubud,-8.5469004,115.2523462,osm_only,n/a,0,,False,,exact
osm-2872143401,Peneeda View,,-8.698173,115.264273,osm_only,n/a,0,,False,,exact
osm-2874391501,Villa Shanti,,-8.6904464,115.2650944,osm_only,n/a,0,,False,,exact
osm-2881795143,Panorama Hotel,,-8.5219818,115.2628597,osm_only,n/a,0,,False,,exact
osm-2906962594,Star Two Thousand,,-8.6694324,115.4480454,osm_only,n/a,0,,False,,exact
osm-2922887987,Melati View,,-8.7360899,115.1676207,osm_only,n/a,0,,False,,exact
osm-2925525883,Sri Kresna Homestay,Kuta,-8.6983941,115.1729997,osm_only,n/a,0,,False,,exact
osm-2936558528,Padang Bai Beach Inn 1,,-8.530152,115.5102498,osm_only,n/a,0,,False,,exact
osm-2957061670,Bambu Indah,"Sayan, Ubud",-8.5122246,115.2384054,osm_only,n/a,0,,False,,exact
osm-2959771670,Citra Ayu,,-8.2836262,115.1606538,osm_only,n/a,0,,False,,exact
osm-2962630673,Angsoka,Anturan,-8.1613778,115.0257604,osm_only,n/a,0,,False,,exact
osm-2962630735,Manik Sari,,-8.1614735,115.0261003,osm_only,n/a,0,,False,,exact
osm-2972810727,Keri Beach Bungalows,,-8.5303445,115.5099671,osm_only,n/a,0,,False,,exact
osm-2972810729,Padangbai Beach Inn 1,,-8.5302978,115.5103087,osm_only,n/a,0,,False,,exact
osm-2972811259,Padangbai Billabong,,-8.5302066,115.5105355,osm_only,n/a,0,,False,,exact
osm-2972813002,Madya,,-8.5324033,115.5068439,osm_only,n/a,0,,False,,exact
osm-2978390554,S 8 Suardana Hotel,"Br. Buni, Kuta, Bali",-8.7233808,115.1754913,osm_only,n/a,0,,False,,exact
osm-2993362930,Kejora Suites,,-8.6861364,115.2627131,osm_only,n/a,0,,False,,exact
osm-2995762679,Alaya Resort Ubud,,-8.5185229,115.2636592,osm_only,n/a,0,,False,,exact
osm-3008156972,The Pondok Anyar Inn,,-8.734041,115.172636,osm_only,n/a,0,,False,,exact
osm-3011444115,Hotel Vista,Tabanan,-8.5357063,115.1129502,osm_only,n/a,0,,False,,exact
osm-3049832959,Atmadeva Villa,,-8.6085059,115.3194169,osm_only,n/a,0,,False,,exact
osm-3058413913,Rambutan Hotel,Kalibukbuk-Lovina,-8.160109,115.0286996,osm_only,n/a,0,,False,,exact
osm-3058428676,Puri Bali,Kalibukbuk-Lovina,-8.1601293,115.0283854,osm_only,n/a,0,,False,,exact
osm-3058442033,Suma Hotel,Banyualit-Lovina,-8.1516386,115.0358059,osm_only,n/a,0,,False,,exact
osm-3081494205,ARCOIRIS Hotel,,-8.5114309,115.5764874,osm_only,n/a,0,,False,,exact
osm-3087257283,Dream Jimbaran Hotel,Jimbaran,-8.7799359,115.1751734,osm_only,n/a,0,,False,,exact
osm-3097333451,Alila Ubud,,-8.4616192,115.2405022,osm_only,n/a,0,,False,,exact
osm-3104070424,Prima Cottage,,-8.6907518,115.2620898,osm_only,n/a,0,,False,,exact
osm-3104072723,Puri Candikuning Resort,,-8.2654299,115.1656957,osm_only,n/a,0,,False,,exact
osm-3115740567,Cendana Resort & Spa,Ubud,-8.5114698,115.2615753,osm_only,n/a,0,,False,,exact
osm-3159525320,Tunjung Mas Bungalows,,-8.5201788,115.2630283,osm_only,n/a,0,,False,,exact
osm-3195191673,Bali Ecovillage,,-8.2680892,115.2499523,osm_only,n/a,0,,False,,exact
osm-3199595321,Frii Echo Bali,Canggu,-8.6539937,115.1304371,osm_only,n/a,0,,False,,exact
osm-3208874784,The Kayana,,-8.6776361,115.1536317,osm_only,n/a,0,,False,,exact
osm-3215264000,Inata Bisma,,-8.5151396,115.2580908,osm_only,n/a,0,,False,,exact
osm-3227750408,Abian Ayu Villa,Sidemen,-8.4767572,115.4408407,osm_only,n/a,0,,False,,exact
osm-3227750409,Teras Bali Sidemen,Sidemen,-8.4770291,115.4408702,osm_only,n/a,0,,False,,exact
osm-3227750410,Sawah Indah Villa,Sidemen,-8.475253,115.4407549,osm_only,n/a,0,,False,,exact
osm-3227750413,Samanvaya,Sidemen,-8.4745125,115.4409996,osm_only,n/a,0,,False,,exact
osm-3227750414,Arta Nadi Villa,Sidemen,-8.4781788,115.440203,osm_only,n/a,0,,False,,exact
osm-3227750415,Cepik Villa Sidemen,Sidemen,-8.478919,115.4406027,osm_only,n/a,0,,False,,exact
osm-3227750416,Subak Tabola Villa,Sidemen,-8.4794111,115.4417936,osm_only,n/a,0,,False,,exact
osm-3227750417,Surya Shanti Villa,Sidemen,-8.4795438,115.4414462,osm_only,n/a,0,,False,,exact
osm-3227755722,Agung Raka Resort & Villa,Sidemen,-8.5236733,115.2631236,osm_only,n/a,0,,False,,exact
osm-3237674786,Grandmas Hotel Seminyak,Seminyak,-8.6920709,115.1613678,osm_only,n/a,0,,False,,exact
osm-3262388486,Ari House,,-8.8137603,115.0964212,osm_only,n/a,0,,False,,exact
osm-3323418636,De Klumpu Bali,,-8.4544227,115.3945791,osm_only,n/a,0,,False,,exact
osm-3323418641,Umah Bali,,-8.4413487,115.3978197,osm_only,n/a,0,,False,,exact
osm-3323425668,Darmada Eco Resort,,-8.4697284,115.439587,osm_only,n/a,0,,False,,exact
osm-3335303171,Pondok Asri Homestay,Munduk,-8.2661546,115.0569842,osm_only,n/a,0,,False,,exact
osm-3345473022,Arjuna House 2 (Home Stay),Ubud,-8.5115793,115.2614778,osm_only,n/a,0,,False,,exact
osm-3394716045,The Salak Hotel Bali ***,Denpasar,-8.6680102,115.1793565,osm_only,n/a,0,,False,,exact
osm-3394721387,Umalas Hotel & Residence,Kerobokan,-8.6671506,115.1560559,osm_only,n/a,0,,False,,exact
osm-3399699066,Villa Pita Linggar,,-8.450611,115.2339163,osm_only,n/a,0,,False,,exact
osm-3399699074,COMO Shambhala Estate,,-8.4507033,115.2353505,osm_only,n/a,0,,False,,exact
osm-3399921599,Cabé,,-8.4177712,115.587189,osm_only,n/a,0,,False,,exact
osm-3410945801,Kartika Bungalows,Ubud,-8.5152279,115.2602487,osm_only,n/a,0,,False,,exact
osm-3423182026,Hotel Sentral,,-8.1106211,115.0875275,osm_only,n/a,0,,False,,exact
osm-3426217628,Bali Breeze Bungalows,,-8.5240832,115.2633914,osm_only,n/a,0,,False,,exact
osm-3453931903,Jamahal Private Resort & Spa,,-8.772584,115.1727816,osm_only,n/a,0,,False,,exact
osm-3456946803,Scuba Tribe,Tulamben,-8.2759603,115.5913886,osm_only,n/a,0,,False,,exact
osm-3462797114,The Harmony Legian Hotel,,-8.711714,115.1720208,osm_only,n/a,0,,False,,exact
osm-3466976795,Ramada Bintang Bali Resort,"Badung, Bali",-8.7337902,115.1661269,osm_only,n/a,0,,False,,exact
osm-3476405012,Marina Villas,,-8.3430268,115.6685256,osm_only,n/a,0,,False,,exact
osm-3478003732,Blue Moon Villas,,-8.357682,115.6948316,osm_only,n/a,0,,False,,exact
osm-3478851283,Villa Candi Matahari,,-8.3512302,115.6855171,osm_only,n/a,0,,False,,exact
osm-3478851286,Griya,,-8.347597,115.6790306,osm_only,n/a,0,,False,,exact
osm-3495292869,Nani House 2,,-8.5134474,115.2615919,osm_only,n/a,0,,False,,exact
osm-3495299748,Hotel Dwipa II,"Kuta, Bali",-8.717306,115.1735593,osm_only,n/a,0,,False,,exact
osm-3502524691,Villa Sagitta,,-8.4971661,115.3061941,osm_only,n/a,0,,False,,exact
osm-3502530094,Inata Hotel,Ubud,-8.5145147,115.2608977,osm_only,n/a,0,,False,,exact
osm-3502600076,Villa Cocoa Maya,,-8.5130673,115.5760588,osm_only,n/a,0,,False,,exact
osm-3523493693,Graha Moding Villas,Ubud,-8.4749545,115.2634272,osm_only,n/a,0,,False,,exact
osm-3532235273,The Royal Eighteen,,-8.7245486,115.1721384,osm_only,n/a,0,,False,,exact
osm-3546095979,Bliss Ubud Spa And Bungalow,,-8.4880957,115.2537745,osm_only,n/a,0,,False,,exact
osm-3546795131,Puri Messari,,-8.7085685,115.2501967,osm_only,n/a,0,,False,,exact
osm-3634803179,Praety Home Stay,Ubud,-8.5123985,115.2680701,osm_only,n/a,0,,False,,exact
osm-3634804844,KT Kuaya Home Stay,Ubud,-8.5049064,115.265539,osm_only,n/a,0,,False,,exact
osm-3663962657,Villa Sandhya VHM,,-8.6544189,115.12781,osm_only,n/a,0,,False,,exact
osm-3670553159,Losmen Arthawan,,-8.7169724,115.1724983,osm_only,n/a,0,,False,,exact
osm-3675805714,Mercure hotel,"Badung Bali, Nusa-Dua",-8.8062825,115.2234635,osm_only,n/a,0,,False,,exact
osm-3676093463,Sandy Beach Hotel,,-8.7179447,115.1714177,osm_only,n/a,0,,False,,exact
osm-3682635625,Anugerah Villas,,-8.3477163,115.6796086,osm_only,n/a,0,,False,,exact
osm-3682652325,Hidden Paradise Villas,,-8.3497097,115.6814309,osm_only,n/a,0,,False,,exact
osm-3693141241,Pondok Bulan Mas,,-8.5001265,115.2646058,osm_only,n/a,0,,False,,exact
osm-3737037434,Le Jardin de Marie,,-8.3514787,115.6826576,osm_only,n/a,0,,False,,exact
osm-3737037450,Ganesha Inn,,-8.5137951,115.2633499,osm_only,n/a,0,,False,,exact
osm-3741131354,Kura Kura Villas,,-8.5117199,115.57572,osm_only,n/a,0,,False,,exact
osm-3741131860,Ida's Homestay Villa's,,-8.5105147,115.5706492,osm_only,n/a,0,,False,,exact
osm-3758573900,Alam Terrace Cottages,,-8.5111245,115.2595527,osm_only,n/a,0,,False,,exact
osm-3761415888,Ubud Sari Health Resort,,-8.5022348,115.2628606,osm_only,n/a,0,,False,,exact
osm-3766765360,The Bali Dream Villa,,-8.6481686,115.128626,osm_only,n/a,0,,False,,exact
osm-3788572496,Hotel Genggong,,-8.5130552,115.5762172,osm_only,n/a,0,,False,,exact
osm-3791299059,Savvoya Seminyak Hotel by Prasanthi,,-8.6829506,115.1676258,osm_only,n/a,0,,False,,exact
osm-3830218511,Deutsches Eck in Bali,,-8.1775211,115.0011223,osm_only,n/a,0,,False,,exact
osm-3840778740,Fontana Hotel Bali,"Legian, Kuta, Bali",-8.70439,115.1768483,osm_only,n/a,0,,False,,exact
osm-3840815129,Rama Beach Resort & Villas,Kuta,-8.7365698,115.1642642,osm_only,n/a,0,,False,,exact
osm-3842215560,Holiday Inn Resort Baruna Bali,Kuta,-8.736748,115.1634693,osm_only,n/a,0,,False,,exact
osm-3888029648,Dash Hotel Seminyak,"Kerobokan Kelod, Kuta Utara, Kabupaten Badung, Bali, Indonesia",-8.6792898,115.1536522,osm_only,n/a,0,,False,,exact
osm-3905832478,Mahayana Hotel,"Badung, Bali",-8.7346008,115.1730091,osm_only,n/a,0,,False,,exact
osm-3905832479,Primebiz Hotel,"Kuta, Kabupaten Badung, Bali, Indonesia",-8.7355899,115.177797,osm_only,n/a,0,,False,,exact
osm-3916001661,Mumbul Guesthouse,Lovina,-8.1463985,115.0467766,osm_only,n/a,0,,False,,exact
osm-3919540269,Ayu Lili Garden Hotel,Badung,-8.7144205,115.1713355,osm_only,n/a,0,,False,,exact
osm-3919740163,Bali Santi Bungalows,,-8.5066033,115.5607471,osm_only,n/a,0,,False,,exact
osm-3952945909,Gending Kedis,"Jimbaran, Bali",-8.7887985,115.1554639,osm_only,n/a,0,,False,,exact
osm-3956084319,The Halcyon Luxury Villas,,-8.7872383,115.1574492,osm_only,n/a,0,,False,,exact
osm-3956101827,Villa Ramayana Kencana,"Jimbaran, Bali",-8.787989,115.1574555,osm_only,n/a,0,,False,,exact
osm-3956101828,Home Stay Ma Ma,,-8.7881006,115.1574199,osm_only,n/a,0,,False,,exact
osm-3956106831,Pat Mase,,-8.7895575,115.1563292,osm_only,n/a,0,,False,,exact
osm-3956110916,The Mutiara,,-8.7904002,115.1556018,osm_only,n/a,0,,False,,exact
osm-4014535246,Padma Resort Ubud,Puhu,-8.3831811,115.2745601,osm_only,n/a,0,,False,,exact
osm-4018078135,The Kayon Resort,,-8.4761908,115.2808695,osm_only,n/a,0,,False,,exact
osm-4022874351,Putu Guest House,,-8.1445159,114.6534327,osm_only,n/a,0,,False,,exact
osm-4023787992,Ramada Bali Sunset Road Kuta,"Kuta, Bali",-8.6917653,115.173496,osm_only,n/a,0,,False,,exact
osm-4029738974,Made Oka,,-8.2657138,115.0580425,osm_only,n/a,0,,False,,exact
osm-4030807081,Jesen's Inn I,,-8.7246659,115.1742006,osm_only,n/a,0,,False,,exact
osm-4039369756,Dahlia Indah,,-8.2850171,115.1607604,osm_only,n/a,0,,False,,exact
osm-4046918273,Rahayu 2 Bungalows,,-8.5138525,115.2595308,osm_only,n/a,0,,False,,exact
osm-4046919124,Ashram,,-8.281493,115.1648682,osm_only,n/a,0,,False,,exact
osm-4076039186,Villa Pelangi,,-8.4748153,115.4430988,osm_only,n/a,0,,False,,exact
osm-4081116870,Villa Kubu,Seminyak Kuta,-8.69351,115.1709317,osm_only,n/a,0,,False,,exact
osm-4096906089,Bingin Garden Villas,,-8.8065519,115.1172061,osm_only,n/a,0,,False,,exact
osm-4097082889,Swamis,,-8.8058476,115.1133852,osm_only,n/a,0,,False,,exact
osm-4100379798,Kumpul Kumpul Villa I Double Six,,-8.6974699,115.1648005,osm_only,n/a,0,,False,,exact
osm-4100387395,Baleka Resort Hotel & Spa,,-8.7002137,115.1674992,osm_only,n/a,0,,False,,exact
osm-4107127090,Dayu Beach Hotel,,-8.7305517,115.1699385,osm_only,n/a,0,,False,,exact
osm-4108807208,Bali Diva Kuta Hotel,,-8.7209629,115.1720035,osm_only,n/a,0,,False,,exact
osm-4111420072,Sapu Lidi Resort & Spa,"Ubud, Gianyar",-8.531147,115.2631976,osm_only,n/a,0,,False,,exact
osm-4113018089,Suandi House,,-8.5113674,115.269443,osm_only,n/a,0,,False,,exact
osm-4122102191,Ubud Green Resort Villas,,-8.4932532,115.2665703,osm_only,n/a,0,,False,,exact
osm-4127516689,Junjungan Ubud Hotel and Spa,,-8.4791597,115.2708009,osm_only,n/a,0,,False,,exact
osm-4142167989,Bali Bill villa,,-8.6872084,115.1744862,osm_only,n/a,0,,False,,exact
osm-4146062399,The Colonnade,Badung,-8.8117109,115.1506069,osm_only,n/a,0,,False,,exact
osm-4146163429,Villa Cara,Badung,-8.7870215,115.164522,osm_only,n/a,0,,False,,exact
osm-4148587289,Jiwa's House,,-8.507692,115.26615,osm_only,n/a,0,,False,,exact
osm-4150326329,Guesthouse,,-8.2814556,115.3622232,osm_only,n/a,0,,False,,exact
osm-4150936489,Uma Sari Cottage,,-8.509428,115.2586318,osm_only,n/a,0,,False,,exact
osm-4155539340,"Wahyu homestay, with swimming pool",,-8.6680186,115.4490356,osm_only,n/a,0,,False,,exact
osm-4162789196,Hotel Zia Bali,,-8.6720419,115.1637281,osm_only,n/a,0,,False,,exact
osm-4162789793,Bali Ayu,,-8.6770008,115.1555827,osm_only,n/a,0,,False,,exact
osm-4164240773,315 RESIDENCE COMFORD LESS,"Pemogan, South Denpasar, Bali",-8.6943847,115.1917352,osm_only,n/a,0,,False,,exact
osm-4169613196,Mainski Resort,,-8.6692502,115.4481069,osm_only,n/a,0,,False,,exact
osm-4170841889,Puri Dalem,,-8.5178835,115.2632943,osm_only,n/a,0,,False,,exact
osm-4171539992,Nandini Jungle Resort and Spa,,-8.4150447,115.2373379,osm_only,n/a,0,,False,,exact
osm-4175000989,Baleka Resort & Spa,,-8.7001769,115.1674581,osm_only,n/a,0,,False,,exact
osm-4177454746,Quest Vibe - Dewi Sri,"Legian, Kuta, Bali",-8.709396,115.1789933,osm_only,n/a,0,,False,,exact
osm-4177460597,Grand Kuta Hotel and Residence,"Legian, Kuta, Kabupaten Badung, Bali",-8.7000202,115.1773677,osm_only,n/a,0,,False,,exact
osm-4177469594,7 Days Premium Kuta,"Kuta, Kabupaten Badung, Bali, Indonesia",-8.7047886,115.1814747,osm_only,n/a,0,,False,,exact
osm-4177473617,A Residence,"Kartika Plaza, Badung, Kuta, Bali, Indonesia",-8.7332453,115.1695913,osm_only,n/a,0,,False,,exact
osm-4177480226,Adelia Hotel,"Renon, Denpasar Sel., Kota Denpasar, Bali, Indonesia",-8.6751459,115.240401,osm_only,n/a,0,,False,,exact
osm-4177483415,Adhi Jaya Hotel,"Kuta, Kabupaten Badung, Bali, Indonesia",-8.7295542,115.1687423,osm_only,n/a,0,,False,,exact
osm-4177489589,Adhi Jaya Sunset Hotel,"Kuta, Kabupaten Badung, Bali, Indonesia",-8.7069101,115.1834482,osm_only,n/a,0,,False,,exact
osm-4177493389,de Vins Sky Hotel Seminyak,"Seminyak, Kuta, Bali",-8.6764477,115.1515931,osm_only,n/a,0,,False,,exact
osm-4177513189,Gosyen Hotel Bali,"Legian, Kuta, Bali",-8.7089445,115.1790553,osm_only,n/a,0,,False,,exact
osm-4177514816,Famora,Tuban,-8.7392374,115.1679697,osm_only,n/a,0,,False,,exact
osm-4177525252,Grand Barong Resort,"Kuta, Badung, Bali",-8.7174687,115.1724048,osm_only,n/a,0,,False,,exact
osm-4177531858,Grand Erawan,"Kuta, Barong, Bali",-8.7039525,115.1767349,osm_only,n/a,0,,False,,exact
osm-4177542034,Grand Istana Rama,"Kuta, Bali",-8.7152656,115.1690945,osm_only,n/a,0,,False,,exact
osm-4177544332,Grand Ixora,"Kuta, Bali",-8.7339387,115.1673843,osm_only,n/a,0,,False,,exact
osm-4177549772,Grand La Walon Hotel,"Legian, Kuta, Badung, Bali",-8.7120544,115.1715301,osm_only,n/a,0,,False,,exact
osm-4177553375,JOCS Boutique Hotel & Spa,"Badung, Bali",-8.7085329,115.1713154,osm_only,n/a,0,,False,,exact
osm-4177556889,Primera Hotel Seminyak,"Seminyak, Kuta, Bali",-8.6910475,115.1659341,osm_only,n/a,0,,False,,exact
osm-4177558742,Grand Pondok Puri Ayu,Denpasar,-8.6706514,115.2108849,osm_only,n/a,0,,False,,exact
osm-4177561542,Grand Whiz Nusa Dua,"Komplek Wisata Nusa Dua Blok T, Badung, Bali",-8.7914699,115.2278722,osm_only,n/a,0,,False,,exact
osm-4177565772,Kp. 168,South Kuta,-8.799958,115.1500827,osm_only,n/a,0,,False,,exact
osm-4177577336,Amaris,"Kuta, Kabupaten Badung, Bali, Indonesia",-8.7101665,115.1853756,osm_only,n/a,0,,False,,exact
osm-4177580278,Grandmas Legian Hotel,"Legian, Kuta, Badung, Bali",-8.7085366,115.172073,osm_only,n/a,0,,False,,exact
osm-4177581123,Amaris Hotel Dewi Sri,"Legian, Kuta, Kabupaten Badung, Bali, Indonesia",-8.7060716,115.1777896,osm_only,n/a,0,,False,,exact
osm-4177587189,Griya Sunset Kuta,"Pemecutan Klod, Kuta, Badung, Bali",-8.7070226,115.1855246,osm_only,n/a,0,,False,,exact
osm-4177593094,Hadi Poetra Hotel,"Badung, Bali",-8.728454,115.1768178,osm_only,n/a,0,,False,,exact
osm-4177594489,Hotel Amaris Pratama,", Banjar Celuk, Benoa, Kuta Selatan, Kabupaten Badung, Bali, Indonesia",-8.7961712,115.2247246,osm_only,n/a,0,,False,,exact
osm-4177612732,Puri Erawan,"Legian, Kuta, Bali",-8.7037436,115.1765327,osm_only,n/a,0,,False,,exact
osm-4177613476,Harper Kuta Bali,"Kuta, Badung, Bali",-8.7188864,115.1742514,osm_only,n/a,0,,False,,exact
osm-4177616050,Hardys Rofa Hotel and Spa Legian,"Badung, Bali",-8.6994527,115.1795234,osm_only,n/a,0,,False,,exact
osm-4177619568,Arana Suite,"Legian, Kuta, Kabupaten Badung, Bali, Indonesia",-8.6998654,115.1749994,osm_only,n/a,0,,False,,exact
osm-4177622297,Harris Hotel & Residences Riverview Kuta,"Kuta, Badung, Bali",-8.7177122,115.1803685,osm_only,n/a,0,,False,,exact
osm-4177628191,Puri Ganesh,"Legian, Kuta, Bali",-8.7017187,115.1781662,osm_only,n/a,0,,False,,exact
osm-4177676818,Puri Kekayon Villa,"Pemogan, Denpasar, Bali",-8.7173148,115.1878708,osm_only,n/a,0,,False,,exact
osm-4177678537,Arnava Ninety 8 Hotel,"Kuta, Kabupaten Badung, Bali, Indonesia",-8.6926646,115.173198,osm_only,n/a,0,,False,,exact
osm-4177681093,Hotel Opal Legian,"Legian, Kuta, Bali",-8.6987524,115.1649273,osm_only,n/a,0,,False,,exact
osm-4177688177,Arya Hotel & Spa,"kuta, Badung, Bali",-8.7185674,115.1806683,osm_only,n/a,0,,False,,exact
osm-4177700381,Harris Hotel Seminyak - Bali,"Seminyak, Kuta, Badung, Bali",-8.689587,115.1639093,osm_only,n/a,0,,False,,exact
osm-4177700382,Aston Kuta Hotel & Residence,Kuta,-8.736788,115.1660854,osm_only,n/a,0,,False,,exact
osm-4177701191,Harris Hotel Raya Kuta - Bali,"Kuta, Badung, Bali",-8.7289904,115.1769146,osm_only,n/a,0,,False,,exact
osm-4177703530,Sekar Jepun Hotel,"Benoa, Denpasar, Kabupaten Badung, Bali, Indonesia",-8.5440846,115.3317013,osm_only,n/a,0,,False,,exact
osm-4177711275,"Atanaya Hotel - Kuta, Bali","Kuta, Kabupaten Badung, Bali, Indonesia",-8.7036655,115.1806253,osm_only,n/a,0,,False,,exact
osm-4177711318,Holiday Inn Express Bali Raya Kuta,"Kuta, Badung, Bali",-8.7099938,115.1814604,osm_only,n/a,0,,False,,exact
osm-4177722978,Horison Hotel Jimbaran,"Kedonganan, Jimbaran, Badung, Bali",-8.7628142,115.1753315,osm_only,n/a,0,,False,,exact
osm-4177736838,Hotel Asoka City Home,"Kuta, Bali",-8.7326688,115.1701613,osm_only,n/a,0,,False,,exact
osm-4177741433,RaBaSTa Angkul Angkul,"Badung, bali",-8.7236126,115.1733107,osm_only,n/a,0,,False,,exact
osm-4177748095,RaBaSTa Resort Kuta,"Kuta, Bali",-8.7327823,115.1692087,osm_only,n/a,0,,False,,exact
osm-4177755902,Kodja Beach Inn,"Badung, Bali",-8.7224632,115.1719865,osm_only,n/a,0,,False,,exact
osm-4177763303,Euphoria Hotel Bali,"Legian, Kuta, Bali",-8.7099002,115.1786964,osm_only,n/a,0,,False,,exact
osm-4177770587,Hotel Ibis Bali Kuta,"Kuta, Badung, Bali",-8.733678,115.177608,osm_only,n/a,0,,False,,exact
osm-4177780242,Rama Krisna,"Ubung,Denpasar, Bali",-8.6326307,115.205993,osm_only,n/a,0,,False,,exact
osm-4177782755,Bakung Sunset Hotel,"Kuta, Bali, Indonesia",-8.7146657,115.1838642,osm_only,n/a,0,,False,,exact
osm-4177784260,Grand Livio Kuta Hotel,"Kuta, Badung, Bali",-8.7080195,115.1789531,osm_only,n/a,0,,False,,exact
osm-4177789838,Hotel Mercure Bali Legian,"Legian, Badung Regency, Bali",-8.7081978,115.1721247,osm_only,n/a,0,,False,,exact
osm-4177791078,Mutiara Hotel,"Sidokaryo, Denpasar ,Bali",-8.7103553,115.2286611,osm_only,n/a,0,,False,,exact
osm-4177792595,Ramada Encore Bali Seminyak,"Seminyak,Bali",-8.6856873,115.176022,osm_only,n/a,0,,False,,exact
osm-4177793587,Kokonut Suites,"Seminyak, Bali",-8.6722621,115.1613739,osm_only,n/a,0,,False,,exact
osm-4177795464,Hotel Neo Seminyak - Petitenget,"Kerobokan, Kuta,, Badung, Bali",-8.6719113,115.1603218,osm_only,n/a,0,,False,,exact
osm-4177799890,Hotel Neo Kuta Jelantik,"Legian, Kuta, Badung, Bali",-8.7097973,115.1741393,osm_only,n/a,0,,False,,exact
osm-4177802295,Hotel Neo+ Kuta Legian,"Kuta, Bali",-8.7171747,115.1757413,osm_only,n/a,0,,False,,exact
osm-4177813398,Ramayana Resort & Spa,"Kuta, Bali",-8.7247654,115.171703,osm_only,n/a,0,,False,,exact
osm-4177813620,Nirmala Hotel Resort,Jimbaran,-8.7818079,115.1742919,osm_only,n/a,0,,False,,exact
osm-4177826270,Bali Dynasty Resort,"Kuta, Kabupaten Badung, Bali, Indonesia",-8.7313724,115.1661946,osm_only,n/a,0,,False,,exact
osm-4177829776,Bali Garden Beach Resort,"Kuta, Kabupaten Badung, Bali, Indonesia",-8.7277921,115.1691489,osm_only,n/a,0,,False,,exact
osm-4177840170,Bali Kuta Resort,"Kuta, Kabupaten Badung, Bali, Indonesia",-8.7199779,115.1786445,osm_only,n/a,0,,False,,exact
osm-4177842725,Hotel The Royal Beach Seminyak Bali - Mgallery Collection,"Seminyak, Kuta, Bali",-8.6920927,115.159565,osm_only,n/a,0,,False,,exact
osm-4177844134,Hotel Terrace At Kuta,"Kuta, Badung, Bali",-8.7123359,115.1721465,osm_only,n/a,0,,False,,exact
osm-4177846628,Rhadana Hotel,"Badung,Bali",-8.7182165,115.1809616,osm_only,n/a,0,,False,,exact
osm-4177859530,Bali Rani Hotel,"Kuta, Kabupaten Badung, Bali, Indonesia",-8.7300649,115.1680753,osm_only,n/a,0,,False,,exact
osm-4177872514,Bali Summer Hotel,"Kuta, Bali, Indonesia",-8.7223959,115.172116,osm_only,n/a,0,,False,,exact
osm-4177915822,Ize Seminyak,"Kerobokan Kelod, North Kuta, Bali",-8.6841031,115.1580366,osm_only,n/a,0,,False,,exact
osm-4177918000,The Nyaman Bali,"Badung, Bali",-8.7283672,115.1732021,osm_only,n/a,0,,False,,exact
osm-4177920726,J Boutique Hotel,"Kuta, Badung, Bali",-8.7368336,115.1671312,osm_only,n/a,0,,False,,exact
osm-4177924194,J4 Hotel,"Kuta, Bali",-8.7177746,115.1746227,osm_only,n/a,0,,False,,exact
osm-4177957208,Bedrock Hotel Kuta Bali,Kuta,-8.7373795,115.1664939,osm_only,n/a,0,,False,,exact
osm-4177962721,Kuta Central Park Hotel Bali,"Badung, Bali",-8.7103253,115.1793792,osm_only,n/a,0,,False,,exact
osm-4177980851,Kuta Seaview,"Kuta, Bali",-8.7192249,115.169594,osm_only,n/a,0,,False,,exact
osm-4177992158,Berry Glee Hotel,"Kuta, Badung Regency, Bali, Indonesia",-8.7159588,115.1812057,osm_only,n/a,0,,False,,exact
osm-4177995475,The Berry Hotels,"Legian, Kuta, Kabupaten Badung, Bali",-8.7020294,115.1784634,osm_only,n/a,0,,False,,exact
osm-4177996719,Kutabex Beach Front Hotel,"Kuta, Bali",-8.7200161,115.1694877,osm_only,n/a,0,,False,,exact
osm-4178002025,Best Western Kuta Beach,"Kuta, Badung, Bali, Indonesia",-8.7128256,115.1686681,osm_only,n/a,0,,False,,exact
osm-4178006746,L Hotel Seminyak,"Seminyak, Bali",-8.6745843,115.1567995,osm_only,n/a,0,,False,,exact
osm-4178037332,Bintang Kuta Hotel,"Kuta, Kabupaten Badung, Bali, Indonesia",-8.7336379,115.1671579,osm_only,n/a,0,,False,,exact
osm-4178043011,Bliss Surfer Hotel,"Kuta, Badung Regency, Bali, Indonesia",-8.7085271,115.1755531,osm_only,n/a,0,,False,,exact
osm-4178043308,Rumah Una Hotel,"Jimbaran, Kuta, Bali",-8.7884051,115.1795671,osm_only,n/a,0,,False,,exact
osm-4178055355,Blue Karma Hotel,"Seminyak, Kuta, Kabupaten Badung, Bali, Indonesia",-8.6918397,115.1672504,osm_only,n/a,0,,False,,exact
osm-4178062695,Samudra Hotel Kuta,"Legian,Kuta, Bali",-8.7044127,115.1796441,osm_only,n/a,0,,False,,exact
osm-4178070529,Sandat Hotel Legian,"Kuta, Badung, Bali",-8.719177,115.1750119,osm_only,n/a,0,,False,,exact
osm-4178071009,BnB Style Hotel Seminyak,"Seminyak, Kuta, Kabupaten Badung, Bali, Indonesia",-8.6884544,115.1698351,osm_only,n/a,0,,False,,exact
osm-4178089091,Legian Paradiso Hotel,"Legian, Bali",-8.7106051,115.1726065,osm_only,n/a,0,,False,,exact
osm-4178101754,Destiny Boutique Hotel,"Seminyak, Kuta, Kabupaten Badung, Bali, Indonesia",-8.6897382,115.1619309,osm_only,n/a,0,,False,,exact
osm-4178110126,Sara Residence Bali,"Legian, Kuta, Kabupaten Badung, Bali, Indonesia",-8.6991148,115.1750769,osm_only,n/a,0,,False,,exact
osm-4178111813,BPC City Hotel Denpasar,"Br. Pengubengan Kangin, Krobokan, Badung, Kuta Utara, Bali, Indonesia",-8.6735843,115.1771125,osm_only,n/a,0,,False,,exact
osm-4178228395,Loft Legian Hotel,"Legian, Kuta",-8.7085268,115.1711578,osm_only,n/a,0,,False,,exact
osm-4179893510,Losari Sunset Hotel,"Kuta,Bali",-8.7094447,115.1837846,osm_only,n/a,0,,False,,exact
osm-4179897762,Cityzen Kuta,"Tuban, Kuta, Kabupaten Badung, Bali, Indonesia",-8.7406901,115.1785849,osm_only,n/a,0,,False,,exact
osm-4179902539,Sekuta Condo Suites,"Sanur, Denpasar, Bali",-8.6869738,115.2565279,osm_only,n/a,0,,False,,exact
osm-4179912638,Mamaka,,-8.7127836,115.1676915,osm_only,n/a,0,,False,,exact
osm-4179921592,M Suite Seminyak,"Seminyak, Kuta",-8.6952378,115.1721691,osm_only,n/a,0,,False,,exact
osm-4179922362,Sheraton Bali Kuta Resort,"Kuta, Badung, Bali",-8.7185098,115.1691262,osm_only,n/a,0,,False,,exact
osm-4179927319,Siesta Legian Hotel,"Legian, Kuta, Badung, Bali",-8.7071562,115.172538,osm_only,n/a,0,,False,,exact
osm-4179938008,Club Med Bali,"Nusa Dua, Kuta Selatan, Kabupaten Badung, Bali, Indonesia",-8.7903688,115.2297085,osm_only,n/a,0,,False,,exact
osm-4179944939,Coco De Heaven Guest House,"Jimbaran, Kuta Sel., Kabupaten Badung, Bali, Indonesia",-8.7580531,115.1793889,osm_only,n/a,0,,False,,exact
osm-4179952674,Sing Ken Ken Boutique Hotel,"Legian, Kuta, Badung, Bali",-8.6974922,115.1624312,osm_only,n/a,0,,False,,exact
osm-4179964389,Cozy Stay Bali,"Denpasar City, Bali, Indonesia",-8.6868473,115.1848465,osm_only,n/a,0,,False,,exact
osm-4179971887,Cozy Stay Simpang Enam,"Denpasar, Bali, Indonesia",-8.6802731,115.2066843,osm_only,n/a,0,,False,,exact
osm-4179979796,CT1 Bali Bed & Breakfast,"Tuban, Kuta, Kabupaten Badung, Bali, Indonesia",-8.7379916,115.178511,osm_only,n/a,0,,False,,exact
osm-4180006457,MaxOneHotels.com Legian,Kuta,-8.700561,115.1688732,osm_only,n/a,0,,False,,exact
osm-4180029089,Dekuta Hotel,"Kuta, Badung, Bali, Indonesia",-8.7181802,115.1701981,osm_only,n/a,0,,False,,exact
osm-4180069705,Solaris Hotel,Kuta,-8.7372904,115.1655064,osm_only,n/a,0,,False,,exact
osm-4180109040,Dinko Bali Homestay,Tuban,-8.7426305,115.1726609,osm_only,n/a,0,,False,,exact
osm-4180112492,Hotel Mercure Bali Nusa Dua,"Badung, Bali",-8.8071018,115.2211923,osm_only,n/a,0,,False,,exact
osm-4180116755,Discovery Kartika Plaza Hotel,"Kuta, Kuta, Badung, Kabupaten Badung, Bali, Indonesia",-8.7302869,115.1660105,osm_only,n/a,0,,False,,exact
osm-4180119568,Spazzio Bali Hotel,"Legian, Kuta, Bali",-8.7078855,115.1784225,osm_only,n/a,0,,False,,exact
osm-4180122210,Divalestari Guest House,"Renon, Kota Denpasar, Bali, Indonesia",-8.6849832,115.2292279,osm_only,n/a,0,,False,,exact
osm-4180128546,Double-Six Luxury Hotel,"Seminyak, Kuta, Kabupaten Badung, Bali, Indonesia",-8.6966208,115.1614832,osm_only,n/a,0,,False,,exact
osm-4180145389,Duo Legian Hotel,"Legian, Bali, Indonesia",-8.709237,115.1728818,osm_only,n/a,0,,False,,exact
osm-4180162499,Jalan Gunung Penulisan,"Denpasar, Bali",-8.6603747,115.2103013,osm_only,n/a,0,,False,,exact
osm-4180262885,EDEN Hotel Kuta Bali,"Badung, Bali",-8.7330571,115.1674003,osm_only,n/a,0,,False,,exact
osm-4180267364,Spunky Premiere Kuta,"Kerobokan Kelod, Kuta, Bali",-8.6705971,115.1668909,osm_only,n/a,0,,False,,exact
osm-4180303498,favehotel Sunset Seminyak,"Seminyak, Kabupaten Badung, Bali, Indonesia",-8.6841771,115.166723,osm_only,n/a,0,,False,,exact
osm-4180359533,Favehotel Umalas,"Kerobokan, Kuta, Bali, Indonesia",-8.6717594,115.1628948,osm_only,n/a,0,,False,,exact
osm-4180372389,aneka lovina,,-8.1072694,115.0844528,osm_only,n/a,0,,False,,exact
osm-4180376153,"Four Points by Sheraton Bali, Kuta","Banjar Pengabetan, Kuta, Kabupaten Badung, Bali, Indonesia",-8.713911,115.1718792,osm_only,n/a,0,,False,,exact
osm-4180379628,Suji Apartment,"Legian, Kuta, Kabupaten Badung, Bali",-8.6985058,115.1758809,osm_only,n/a,0,,False,,exact
osm-4180388672,Sun Boutique Hotel,"Kuta, Badung, Bali",-8.7076044,115.1840232,osm_only,n/a,0,,False,,exact
osm-4180398897,Sun Island Hotel & Spa Legian,"Kuta, Badung, Bali",-8.7132403,115.1733663,osm_only,n/a,0,,False,,exact
osm-4180439990,Sunset Residence Condotel,"Kuta, Badung, Bali",-8.7086258,115.1788554,osm_only,n/a,0,,False,,exact
osm-4180444090,ananda cottages,,-8.4974894,115.2532375,osm_only,n/a,0,,False,,exact
osm-4180450125,Next Tuban Bali,"Badung, Bali",-8.7399349,115.170204,osm_only,n/a,0,,False,,exact
osm-4180489328,Swiss-Belhotel Petitenget,"Kerobokan Kelod, Kuta, Badung, Bali",-8.6718579,115.1624133,osm_only,n/a,0,,False,,exact
osm-4180495899,Swarhaloka Residence,"Kuta, South Denpasar, Bali",-8.7192047,115.1866034,osm_only,n/a,0,,False,,exact
osm-4180515900,Swiss-Belhotel Rainforest,"Kuta, Badung, Bali",-8.7082751,115.1845744,osm_only,n/a,0,,False,,exact
osm-4180527659,"Onasis Bed, Resting And Spa","Badung, Bali",-8.7402085,115.1805747,osm_only,n/a,0,,False,,exact
osm-4180531349,Watujimbar Sanur Resort,"Sanur, Denpasar, Bali",-8.6915738,115.2636508,osm_only,n/a,0,,False,,exact
osm-4180532101,Swiss-Belinn Legian,"Legian, Kuta, Kabupaten Badung, Bali",-8.7017588,115.1669243,osm_only,n/a,0,,False,,exact
osm-4180561477,Taman Ayu Town House,"Pemogan, South Denpasar, Bali",-8.6935642,115.1935198,osm_only,n/a,0,,False,,exact
osm-4180731772,Paradiso Hotel,"Kuta, Bali",-8.7256913,115.170243,osm_only,n/a,0,,False,,exact
osm-4180827701,The Bene Hotel,"Kuta, Bali",-8.7125394,115.1700755,osm_only,n/a,0,,False,,exact
osm-4180883479,Don Juan Mexican Restaurant and Bar,"Kuta, Badung, Bali",-8.7224332,115.1755512,osm_only,n/a,0,,False,,exact
osm-4180887066,The Edelweiss Primo Kuta Hotel,"Kuta, Badung, Bali",-8.7359084,115.1673957,osm_only,n/a,0,,False,,exact
osm-4182411689,Amaris Hotel Lebak Bene Kuta,"Legian, Kuta, Badung, Bali",-8.7113317,115.1710384,osm_only,n/a,0,,False,,exact
osm-4182419128,The Kubu Hotel,"Kuta, Badung, Bali",-8.7191146,115.173792,osm_only,n/a,0,,False,,exact
osm-4182419894,The Kuta Playa Hotel & Villas,"Legian, Kuta, Kabupaten Badung, Bali, Indonesia",-8.7124701,115.1678827,osm_only,n/a,0,,False,,exact
osm-4182422043,The Kuta Beach Heritage Hotel Bali,"Banjar Pande Mas, Kuta, Bali",-8.720569,115.1698787,osm_only,n/a,0,,False,,exact
osm-4182441555,The ONE Legian,"Legian, Kuta, Badung, Bali",-8.7137797,115.174106,osm_only,n/a,0,,False,,exact
osm-4182464089,The Pavilion Hotel Kuta,"Kuta, Badung, Bali",-8.7227597,115.1757602,osm_only,n/a,0,,False,,exact
osm-4182480738,The Sun Hotel & Spa Legian,"Legian, Kuta, Badung, Bali",-8.7099604,115.1703277,osm_only,n/a,0,,False,,exact
osm-4182484489,"The Stones Hotel - Legian Bali, Autograph Collection",Legian,-8.7112641,115.1674953,osm_only,n/a,0,,False,,exact
osm-4182500655,The Tusita Hotel,"Kuta, Badung, Bali",-8.7364855,115.1672016,osm_only,n/a,0,,False,,exact
osm-4182522042,Pondok Cendrawasih,"Renon, Denpasar Sel., Kota Denpasar, Bali, Indonesia",-8.6805869,115.2391659,osm_only,n/a,0,,False,,exact
osm-4182522355,Pondok Anyar Inn,"Kuta, Bali, Indonesia",-8.7314079,115.1707487,osm_only,n/a,0,,False,,exact
osm-4182716036,Villa viola,"Kerobokan Kelod, Kuta, Bali",-8.6815996,115.1612923,osm_only,n/a,0,,False,,exact
osm-4182759200,The Wangsa Hotel & Villas,"Tanjung Benoa - Nusa Dua, Kabupaten Badung, Bali, Indonesia",-8.7813456,115.2233958,osm_only,n/a,0,,False,,exact
osm-4182777621,Laghawa Beach Inn Hotel,"Sanur, Denpasar Tim., Kota Denpasar, Bali, Indonesia",-8.6919553,115.264524,osm_only,n/a,0,,False,,exact
osm-4182792258,Watermark Hotel & Spa Bali - Jimbaran,"Kedonganan ,Kuta ,Badung, Bali",-8.7608537,115.1755999,osm_only,n/a,0,,False,,exact
osm-4182794199,Holiday Villa Kuta,"Kuta, Badung, Kabupaten Badung, Bali, Indonesia",-8.7148152,115.1700306,osm_only,n/a,0,,False,,exact
osm-4182800932,The Sandi Phala,"Kuta, Kabupaten Badung, Bali, Indonesia",-8.7340961,115.1641977,osm_only,n/a,0,,False,,exact
osm-4182824166,Zuk Hotel,"Kuta, Badung, Bali",-8.7124734,115.1743201,osm_only,n/a,0,,False,,exact
osm-4182835410,Bali Subak Hotel,"Legian, Bali, Indonesia",-8.6970603,115.1637877,osm_only,n/a,0,,False,,exact
osm-4183189987,Villa Chempaka,,-8.5091008,115.2589846,osm_only,n/a,0,,False,,exact
osm-4183200649,Pandawa Beach homestay,,-8.8369841,115.1768367,osm_only,n/a,0,,False,,exact
osm-4183200650,Dinatah,,-8.6849051,115.4370193,osm_only,n/a,0,,False,,exact
osm-4191804691,balibbu guest house,,-8.6562549,115.144544,osm_only,n/a,0,,False,,exact
osm-4198052517,Vansari Hotel - Seminyak,,-8.6935332,115.1674557,osm_only,n/a,0,,False,,exact
osm-4201838832,Breez Bali Hotel,,-8.7689446,115.1705943,osm_only,n/a,0,,False,,exact
osm-4203603695,ZenRooms,,-8.6764445,115.1672157,osm_only,n/a,0,,False,,exact
osm-4207792421,Le Bamboo Bali,,-8.8216256,115.1171642,osm_only,n/a,0,,False,,exact
osm-4207804990,Fat Yogi Cottages,Badung,-8.721104,115.1730914,osm_only,n/a,0,,False,,exact
osm-4210120889,Agung & Sue Watering Hole I,,-8.6739926,115.2614123,osm_only,n/a,0,,False,,exact
osm-4210314289,Beneyasa Beach Inn,"Kuta, Badung, Bali",-8.7162848,115.1720968,osm_only,n/a,0,,False,,exact
osm-4210813499,Kuta Central Park Hotel,"Badung, Bali",-8.7106661,115.1793746,osm_only,n/a,0,,False,,exact
osm-4210817997,Tjamphuhan spa,Campuhan,-8.5038875,115.2533788,osm_only,n/a,0,,False,,exact
osm-4211783192,Rama Village,,-8.6540412,115.1352236,osm_only,n/a,0,,False,,exact
osm-4211800889,The Daun Bali,,-8.6546697,115.1355163,osm_only,n/a,0,,False,,exact
osm-4213259289,Litus Rinaya Canggu,,-8.6434427,115.1553381,osm_only,n/a,0,,False,,exact
osm-4213686189,rigli,,-8.6835344,115.4353498,osm_only,n/a,0,,False,,exact
osm-4213731990,Tirta Ening Agung Hotel,Sanur,-8.7029825,115.2565557,osm_only,n/a,0,,False,,exact
osm-4213766889,Paras Paros Marina Lodge,,-8.7214581,115.2365307,osm_only,n/a,0,,False,,exact
osm-4214697631,Adiwana Cottages,,-8.5132162,115.260899,osm_only,n/a,0,,False,,exact
osm-4214699489,Shanti Natural Panorama View,,-8.1672845,115.1046,osm_only,n/a,0,,False,,exact
osm-4218438089,Koji garden huts,,-8.6836751,115.4354538,osm_only,n/a,0,,False,,exact
osm-4219336655,Hotel Warta,Denpasar,-8.6702727,115.2159416,osm_only,n/a,0,,False,,exact
osm-4221178491,Bali Krisna apartment and Villa,,-8.6949355,115.1688749,osm_only,n/a,0,,False,,exact
osm-4223026989,Samtun Homestay,,-8.5052242,115.2657014,osm_only,n/a,0,,False,,exact
osm-4223231991,Home@36 Condotel,"Kuta, Kabupaten Badung, Bali, Indonesia",-8.7273003,115.1675756,osm_only,n/a,0,,False,,exact
osm-4226056693,blu mango,,-8.5165186,115.2618949,osm_only,n/a,0,,False,,exact
osm-4226594895,bali breezz hotel,,-8.7687987,115.1706936,osm_only,n/a,0,,False,,exact
osm-4226615590,lotus garden huts,,-8.6817211,115.4350436,osm_only,n/a,0,,False,,exact
osm-4227198289,Pertiwi Bisma 1,,-8.5139843,115.2568599,osm_only,n/a,0,,False,,exact
osm-4227780990,Pajar House Ubud,,-8.472897,115.2639449,osm_only,n/a,0,,False,,exact
osm-4230276492,Wyndham,,-8.8019788,115.1202098,osm_only,n/a,0,,False,,exact
osm-4231024217,Tejaprana Resort & Spa,"Ubud, Gianyar, Bali, Indonesia",-8.4740265,115.2784039,osm_only,n/a,0,,False,,exact
osm-4231027195,Sal Secret Spot,,-8.8083842,115.1138976,osm_only,n/a,0,,False,,exact
osm-4233194893,Uma by Como,,-8.4920407,115.2534315,osm_only,n/a,0,,False,,exact
osm-4239103028,Ikigai Uluwatu Beach,,-8.8168087,115.0948846,osm_only,n/a,0,,False,,exact
osm-4240946589,Crystal Beach Bali,,-8.5051529,115.5455607,osm_only,n/a,0,,False,,exact
osm-4242246589,Le Legian,,-8.6841602,115.1597146,osm_only,n/a,0,,False,,exact
osm-4243951791,The Inn Possible,,-8.8071528,115.113449,osm_only,n/a,0,,False,,exact
osm-4247661589,Bali Bungalo,"Kuta, Badung, Kabupaten Badung, Bali, Indonesia",-8.7150807,115.1688042,osm_only,n/a,0,,False,,exact
osm-4247909850,Adi Dharma Hotel,"Kuta, Bali",-8.7140519,115.170633,osm_only,n/a,0,,False,,exact
osm-4247913442,Alam Kulkul Boutique Resort,Legian,-8.7107733,115.1675421,osm_only,n/a,0,,False,,exact
osm-4247924397,The Jayakarta Bali Hotel,"Legian, Bali",-8.700068,115.1649785,osm_only,n/a,0,,False,,exact
osm-4247932762,Lavender Luxury Villas & Spa,Kuta,-8.7263538,115.1799006,osm_only,n/a,0,,False,,exact
osm-4247934247,Hotel Karthi,"Kuta, Bali",-8.7266961,115.1700004,osm_only,n/a,0,,False,,exact
osm-4247935475,Kuta Lagoon Resort and Pool Villas,"Badung, Bali",-8.7093322,115.1715379,osm_only,n/a,0,,False,,exact
osm-4247942545,Maxi Hotel Kedonganan,"Kedonganan, Kuta, Badung",-8.7645063,115.1783505,osm_only,n/a,0,,False,,exact
osm-4247942818,Melasti Beach Bungalows & Spa,"Kuta, Bali",-8.7268699,115.1698234,osm_only,n/a,0,,False,,exact
osm-4247948389,Palm Beach Hotel & Resort,"Kuta, Badung",-8.7347971,115.1643346,osm_only,n/a,0,,False,,exact
osm-4247956566,Risata Bali Resort & Spa,Kuta,-8.7366558,115.1652007,osm_only,n/a,0,,False,,exact
osm-4247960091,Royal Tunjung Bali & Spa,"Legian, Bali",-8.7018214,115.1668082,osm_only,n/a,0,,False,,exact
osm-4247963604,The Lokha Legian,Badung,-8.7057653,115.1700875,osm_only,n/a,0,,False,,exact
osm-4247964172,The Losari,Badung,-8.7066762,115.1689376,osm_only,n/a,0,,False,,exact
osm-4247964824,Hotel The Oasis Kuta,"Kuta, Bali",-8.7248239,115.1726779,osm_only,n/a,0,,False,,exact
osm-4247966179,The Radiant Hotel & Spa,"Kuta, Bali",-8.7394875,115.1720108,osm_only,n/a,0,,False,,exact
osm-4247968045,The Rani Hotel & Spa,Badung,-8.7333387,115.1673803,osm_only,n/a,0,,False,,exact
osm-4247968268,"White Rose Kuta Resort, Villas & Spa","Kuta, Bali",-8.7159757,115.1749852,osm_only,n/a,0,,False,,exact
osm-4247968621,Vilarisi Hotel & Restaurant,"Legian, Denpasar",-8.7107204,115.1705581,osm_only,n/a,0,,False,,exact
osm-4247969150,The Vira Bali Hotel,"Kuta, Bali",-8.7353041,115.1673975,osm_only,n/a,0,,False,,exact
osm-4247969594,Villa De Daun,"Legian,Bali",-8.7135081,115.173915,osm_only,n/a,0,,False,,exact
osm-4247972697,Wida Hotel,"Legian, Kuta",-8.7085495,115.171037,osm_only,n/a,0,,False,,exact
osm-4247974450,Yulia Beach Inn,"Badung, Bali",-8.7228824,115.1719391,osm_only,n/a,0,,False,,exact
osm-4247981712,Goodway Hotel and Resort,"Benoa,Kuta, Bali",-8.7975686,115.2063515,osm_only,n/a,0,,False,,exact
osm-4247984016,Kayumanis Nusa Dua Private Villa & Spa,"Nusa Dua, Badung",-8.7941782,115.2283165,osm_only,n/a,0,,False,,exact
osm-4247987159,Nusa Dua Retreat Boutique Villa Resort & Spa,"Kuta, Nusa Dua",-8.8341868,115.1791428,osm_only,n/a,0,,False,,exact
osm-4247996284,"Inna Sindhu Beach Hotel, Resort & Meeting",,-8.6844136,115.2625671,osm_only,n/a,0,,False,,exact
osm-4247996630,Sadara Boutique Beach Resort Bali,Badung,-8.7699038,115.2222522,osm_only,n/a,0,,False,,exact
osm-4247996728,The Khayangan Dream Villas Umalas Hotel,Banjar Anyar Kelod Kerobokan,-8.6513912,115.1602354,osm_only,n/a,0,,False,,exact
osm-4247996983,Diwangkara Holiday Villa Beach Resort & Spa,,-8.6727406,115.2623841,osm_only,n/a,0,,False,,exact
osm-4248001318,Kamuela Villas & Suites Sanur,Denpasar,-8.707792,115.2580772,osm_only,n/a,0,,False,,exact
osm-4248002932,Parigata Villas & Resort,Denpasar,-8.7034428,115.2628635,osm_only,n/a,0,,False,,exact
osm-4248007431,Bakung Beach Hotel,Tuban,-8.742866,115.1697578,osm_only,n/a,0,,False,,exact
osm-4248008435,Hotel Novotel Bali Benoa,Badung,-8.7643157,115.2221424,osm_only,n/a,0,,False,,exact
osm-4248008671,Sol Benoa by Melia,Badung,-8.7869268,115.2259763,osm_only,n/a,0,,False,,exact
osm-4248011543,The Royal Santrian Luxury Beach Villas,Badung,-8.7831283,115.2250127,osm_only,n/a,0,,False,,exact
osm-4248013943,Le Grande Bali Uluwatu,Badung,-8.8068664,115.1311752,osm_only,n/a,0,,False,,exact
osm-4248019084,The Dreamland Luxury Villas & Spa,Badung,-8.8169564,115.1419987,osm_only,n/a,0,,False,,exact
osm-4248022263,Bali Agung Village,Seminyak,-8.6904998,115.1614233,osm_only,n/a,0,,False,,exact
osm-4248024462,Bali Dwipa Hotel,"Kuta, Bali",-8.7172071,115.1740568,osm_only,n/a,0,,False,,exact
osm-4248026993,Bali Legian Bungalow,Badung,-8.7059273,115.1700466,osm_only,n/a,0,,False,,exact
osm-4248051239,Darsana Beach Inn,"Kuta, Badung, Bali",-8.7045227,115.1713965,osm_only,n/a,0,,False,,exact
osm-4248052624,Desamuda Village,Badung,-8.6867886,115.1677552,osm_only,n/a,0,,False,,exact
osm-4248053901,Dewi Sri Hotel,Badung,-8.7173273,115.1765543,osm_only,n/a,0,,False,,exact
osm-4248060936,Green Garden Hotel,"Kuta, Bali",-8.7317754,115.167456,osm_only,n/a,0,,False,,exact
osm-4248064821,Hotel Segara Agung,Denpasar,-8.7045082,115.2626088,osm_only,n/a,0,,False,,exact
osm-4248068385,Ida Hotel Bali,Kuta,-8.7229764,115.1723595,osm_only,n/a,0,,False,,exact
osm-4248074434,Puspa Ayu Bungalow,Kuta,-8.7298849,115.1681355,osm_only,n/a,0,,False,,exact
osm-4248076568,Loji Garden,"Seminyak, Kuta, Bali",-8.6957701,115.168479,osm_only,n/a,0,,False,,exact
osm-4248076569,Puri Tanjung sari,Badung,-8.723395,115.1710012,osm_only,n/a,0,,False,,exact
osm-4248079430,Masa Inn,Badung,-8.7207561,115.1723046,osm_only,n/a,0,,False,,exact
osm-4248079548,Hotel Puri Tanah Lot,Badung,-8.7101867,115.1704049,osm_only,n/a,0,,False,,exact
osm-4248081372,Hotel Puri Nusantara,Badung,-8.7425343,115.1787608,osm_only,n/a,0,,False,,exact
osm-4248082190,Puri Naga,Badung,-8.6974305,115.1623734,osm_only,n/a,0,,False,,exact
osm-4248082773,Puri Mangga Bungalow,Badung,-8.7156212,115.1741929,osm_only,n/a,0,,False,,exact
osm-4248085729,Mustika Inn,Badung,-8.7300264,115.1698414,osm_only,n/a,0,,False,,exact
osm-4248090151,Puri Damai Boutique Cottage,Badung,-8.6982514,115.164835,osm_only,n/a,0,,False,,exact
osm-4248093357,Casa Bidadari,Badung,-8.6826378,115.1695475,osm_only,n/a,0,,False,,exact
osm-4248095625,Puri Anggrek,Badung,-8.6992329,115.1671161,osm_only,n/a,0,,False,,exact
osm-4248095688,Puri Panca Jaya Hotel,Badung,-8.693979,115.1624734,osm_only,n/a,0,,False,,exact
osm-4248097229,Pudjawan Hotel,Badung,-8.7243596,115.1734069,osm_only,n/a,0,,False,,exact
osm-4248099095,Pendawa Hotel,Badung,-8.7257421,115.1712426,osm_only,n/a,0,,False,,exact
osm-4248104610,Poppies Cottages 2,Badung,-8.7171196,115.1711332,osm_only,n/a,0,,False,,exact
osm-4248117774,Pension Joni I,Badung,-8.7059307,115.1691039,osm_only,n/a,0,,False,,exact
osm-4248117810,Perahu Biduk,Badung,-8.6933235,115.1621346,osm_only,n/a,0,,False,,exact
osm-4248234190,Valka Bali,,-8.6885955,115.1686321,osm_only,n/a,0,,False,,exact
osm-4249755792,Bucu Guest House,,-8.516521,115.2623297,osm_only,n/a,0,,False,,exact
osm-4249937089,Jati 3 bungalows,,-8.5137137,115.2595601,osm_only,n/a,0,,False,,exact
osm-4252410490,The Grand Sunti,,-8.523172,115.2631549,osm_only,n/a,0,,False,,exact
osm-4252575197,Indah Homestay,,-8.6724492,115.1539415,osm_only,n/a,0,,False,,exact
osm-4252710696,Alindra hotel 3*,,-8.7869307,115.1913084,osm_only,n/a,0,,False,,exact
osm-4258035197,Best Western Kuta Villa,Kuta,-8.7333863,115.1764366,osm_only,n/a,0,,False,,exact
osm-4258053695,Uppala Villa Seminyak,Badung,-8.6752736,115.1694379,osm_only,n/a,0,,False,,exact
osm-4260082890,Puri Padma Hotel,,-8.4990751,115.2729986,osm_only,n/a,0,,False,,exact
osm-4260104389,Amora Hut's,,-8.6823956,115.4358604,osm_only,n/a,0,,False,,exact
osm-4260125880,TS Suites,"Seminyak, Bali",-8.6970776,115.1714239,osm_only,n/a,0,,False,,exact
osm-4261947380,Villa Hening Boutique Hotel & Spa,Bali,-8.7964877,115.1878207,osm_only,n/a,0,,False,,exact
osm-4261953891,Hotel Dupa,,-8.1623569,115.0261215,osm_only,n/a,0,,False,,exact
osm-4263924390,Tijili Seminyak,,-8.6908671,115.1617066,osm_only,n/a,0,,False,,exact
osm-4265540196,Bakung Beach Resort,"Kuta, Kabupaten Badung, Bali, Indonesia",-8.7349748,115.1657207,osm_only,n/a,0,,False,,exact
osm-4267568388,Bali Hilton International Hotel,,-8.7911754,115.2267485,osm_only,n/a,0,,False,,exact
osm-4267809695,Anemalou Villas & Spa,"Kuta, Legian, Kuta, Kabupaten Badung, Bali",-8.7068307,115.176303,osm_only,n/a,0,,False,,exact
osm-4267823357,Eazy Suite Legian,"Seminyak, Badung, Bali, Indonesia",-8.7024447,115.1785693,osm_only,n/a,0,,False,,exact
osm-4267855108,Serela Hotel,"Kuta, Kabupaten Badung, Bali, Indonesia",-8.7094822,115.1809733,osm_only,n/a,0,,False,,exact
osm-4271107296,ABADI Villas,,-8.6823635,115.1624442,osm_only,n/a,0,,False,,exact
osm-4271738855,Jenny Bunker Homestay,,-8.7360142,115.1729546,osm_only,n/a,0,,False,,exact
osm-4274858292,ceningan palms,,-8.7047094,115.4396585,osm_only,n/a,0,,False,,exact
osm-4275248292,Zen rooms Villa Tanjung Simah,,-8.8092482,115.1116314,osm_only,n/a,0,,False,,exact
osm-4277744689,Puri Bambu,,-8.7652613,115.1745148,osm_only,n/a,0,,False,,exact
osm-4277744690,TS Hut Lembongan,,-8.6838091,115.4344897,osm_only,n/a,0,,False,,exact
osm-4277744889,Cozy Villas,,-8.6885202,115.4342436,osm_only,n/a,0,,False,,exact
osm-4278034797,The Eyes Villas,,-8.8221627,115.1156085,osm_only,n/a,0,,False,,exact
osm-4279661590,Sunrise villa,,-8.8315882,115.1666181,osm_only,n/a,0,,False,,exact
osm-4281516690,Ivanka Airport Inn,,-8.7409777,115.172507,osm_only,n/a,0,,False,,exact
osm-4281837892,Artemis Villa & Hotel,,-8.6928351,115.163476,osm_only,n/a,0,,False,,exact
osm-4283507422,Kusuma Abhaykta,,-8.693971,115.4427879,osm_only,n/a,0,,False,,exact
osm-4283513890,Tijili Hotel Seminyak,"Seminyak, Kuta, Kabupaten Badung, Bali, Indonesia",-8.6906683,115.1615978,osm_only,n/a,0,,False,,exact
osm-4283666489,Sakha House,,-8.4983557,115.2726182,osm_only,n/a,0,,False,,exact
osm-4286724596,Kayumanis Jimbaran,,-8.7728925,115.1702621,osm_only,n/a,0,,False,,exact
osm-4289777089,Samhita Garden Villas,Ubud,-8.5067304,115.259296,osm_only,n/a,0,,False,,exact
osm-4295595189,Om Ham,,-8.4676465,115.2716075,osm_only,n/a,0,,False,,exact
osm-4297303893,Kubu Nusa Hotel,,-8.6749753,115.449059,osm_only,n/a,0,,False,,exact
osm-4297310696,The Cave Hotel,,-8.2807476,115.3620477,osm_only,n/a,0,,False,,exact
osm-4299436889,Tunjung Bali Inn,,-8.7171586,115.1718108,osm_only,n/a,0,,False,,exact
osm-4304148495,Le Pirate,,-8.7005785,115.4431842,osm_only,n/a,0,,False,,exact
osm-4305410089,Dini D Nusa,,-8.6938126,115.4377797,osm_only,n/a,0,,False,,exact
osm-4306802490,Vila Sinta,,-8.2725274,115.1611601,osm_only,n/a,0,,False,,exact
osm-4307254292,Villa D' Bisma,,-8.5168555,115.257854,osm_only,n/a,0,,False,,exact
osm-4310223089,Full Moon Bungalow,,-8.6781497,115.5153664,osm_only,n/a,0,,False,,exact
osm-4315658689,Pande Permai Bungalows,,-8.5236492,115.2633171,osm_only,n/a,0,,False,,exact
osm-4316410691,Hati Padi Cottages,,-8.4503098,115.2522201,osm_only,n/a,0,,False,,exact
osm-4316436093,Planet nomadas dive surf and yoga resort,,-8.6637824,115.4541461,osm_only,n/a,0,,False,,exact
osm-4316584103,Anna Cantik Villas,,-8.808332,115.1407335,osm_only,n/a,0,,False,,exact
osm-4318125792,Taran,,-8.686767,115.4368182,osm_only,n/a,0,,False,,exact
osm-4320509798,Cinar Bali Hotel,,-8.7015358,115.1667903,osm_only,n/a,0,,False,,exact
osm-4320547689,Peneeda View Beach Hotel,,-8.6969607,115.263725,osm_only,n/a,0,,False,,exact
osm-4325310089,Inn Possible Cliff House,,-8.8066306,115.1123386,osm_only,n/a,0,,False,,exact
osm-4330787299,Alam puisi villa,,-8.4772689,115.2883896,osm_only,n/a,0,,False,,exact
osm-4332150589,Villa Trax,,-8.621582,115.1387636,osm_only,n/a,0,,False,,exact
osm-4333191389,Ayola ViHan Suites,Kuta,-8.7402934,115.1729358,osm_only,n/a,0,,False,,exact
osm-4339795499,Harmoni Villa hôtel,,-8.5112861,115.2610008,osm_only,n/a,0,,False,,exact
osm-4345334793,Badini Guest Houses & Restaurant,,-8.1453919,114.6524325,osm_only,n/a,0,,False,,exact
osm-4345723990,Jati Home Stay,,-8.5127812,115.2633145,osm_only,n/a,0,,False,,exact
osm-4346734390,Nathan hotel,Kuta,-8.7302474,115.1702712,osm_only,n/a,0,,False,,exact
osm-4349316945,London Homestay Bali,,-8.8162775,115.1541201,osm_only,n/a,0,,False,,exact
osm-4349394891,Samaya,,-8.6831068,115.152296,osm_only,n/a,0,,False,,exact
osm-4349397272,4s villas,,-8.68381,115.1553328,osm_only,n/a,0,,False,,exact
osm-4350446889,Byasa Ubud,,-8.5233797,115.2664207,osm_only,n/a,0,,False,,exact
osm-4353432389,Pacific Inn,,-8.6752269,115.4472279,osm_only,n/a,0,,False,,exact
osm-4354768891,スミニャック ホテル,,-8.6717,115.156145,osm_only,n/a,0,,False,,exact
osm-4355087490,Villa Pandan Harum,,-8.5272127,115.2592274,osm_only,n/a,0,,False,,exact
osm-4355685274,Mimpi Resort Menjangan,,-8.1387665,114.5718397,osm_only,n/a,0,,False,,exact
osm-4359008690,Villa Nilaya,,-8.5054249,115.5470643,osm_only,n/a,0,,False,,exact
osm-4360009914,Kerti Beach Bubgalows,,-8.5303202,115.5101867,osm_only,n/a,0,,False,,exact
osm-4361982041,Secret Garden Bungalows,,-8.6736492,115.448334,osm_only,n/a,0,,False,,exact
osm-4361982043,Lembongan Dream Resort,,-8.674241,115.4473149,osm_only,n/a,0,,False,,exact
osm-4361982045,Sukanusa,,-8.6690842,115.4503365,osm_only,n/a,0,,False,,exact
osm-4361982048,Yogi's Beach Bungalows,,-8.6672683,115.448261,osm_only,n/a,0,,False,,exact
osm-4361982050,Nusa Indah Bungalows,,-8.670284,115.4481674,osm_only,n/a,0,,False,,exact
osm-4361984078,Jepun Lembongan Villas,,-8.6728883,115.4485622,osm_only,n/a,0,,False,,exact
osm-4361984079,Tigerlillys,,-8.6736259,115.4489381,osm_only,n/a,0,,False,,exact
osm-4361984089,Tjendana Villas,,-8.6701328,115.4488019,osm_only,n/a,0,,False,,exact
osm-4361984090,Mandara Bungalows,,-8.6714572,115.4478794,osm_only,n/a,0,,False,,exact
osm-4368106590,Bakung Ubud,,-8.4828474,115.2673462,osm_only,n/a,0,,False,,exact
osm-4369107789,Made darma,,-8.2685785,115.057585,osm_only,n/a,0,,False,,exact
osm-4370532189,The Purist Villas and Spa,,-8.4949107,115.2699433,osm_only,n/a,0,,False,,exact
osm-4370710810,Ashyana Candidasa Resort & Spa,,-8.5086302,115.5661214,osm_only,n/a,0,,False,,exact
osm-4374179290,Rumah Wayan,,-8.819181,115.1030889,osm_only,n/a,0,,False,,exact
osm-4381994390,Savana Villas,,-8.6884978,115.2604673,osm_only,n/a,0,,False,,exact
osm-4384844189,Aquarius Beach Hotel,,-8.6844175,115.262649,osm_only,n/a,0,,False,,exact
osm-4393111989,Bagus Hayden Hotel,"Kuta, Bali",-8.7243972,115.1756401,osm_only,n/a,0,,False,,exact
osm-4395606290,Gekkos Ubud,,-8.5059997,115.2502092,osm_only,n/a,0,,False,,exact
osm-4396154914,Kenta Homestay,,-8.6755527,115.4482253,osm_only,n/a,0,,False,,exact
osm-4396158389,Mola Mola House,,-8.6830565,115.4320036,osm_only,n/a,0,,False,,exact
osm-4398435382,Linda beach resort,,-8.6682483,115.4481822,osm_only,n/a,0,,False,,exact
osm-4398437581,Tarci bungalows,,-8.6684109,115.448188,osm_only,n/a,0,,False,,exact
osm-4398437582,Ketut bungalows,,-8.6696752,115.4480328,osm_only,n/a,0,,False,,exact
osm-4398438063,Lembongan beach club,,-8.6698677,115.4480878,osm_only,n/a,0,,False,,exact
osm-4398438064,Mandala inn,,-8.6703908,115.4489815,osm_only,n/a,0,,False,,exact
osm-4401927990,batur montáin view,,-8.2607538,115.3387706,osm_only,n/a,0,,False,,exact
osm-4404123391,Villa Nani,,-8.6942551,115.1716393,osm_only,n/a,0,,False,,exact
osm-4404130490,M Suite Bali,,-8.6953341,115.1722922,osm_only,n/a,0,,False,,exact
osm-4407839588,Maria Hotel,"Tuban, Kuta, Badung, Bali",-8.7367081,115.1779633,osm_only,n/a,0,,False,,exact
osm-4408988851,18 Suite - Villa Loft @ Kuta Bali,"Kuta, Bali",-8.732303,115.1685562,osm_only,n/a,0,,False,,exact
osm-4409041813,7 Bidadari Boutique Hotel,Badung,-8.6821142,115.1721384,osm_only,n/a,0,,False,,exact
osm-4409073393,Sun Island Hotel & Spa Kuta,"Kuta, Kabupaten Badung, Bali, Indonesia;Kuta, Bali",-8.7307477,115.1676744,osm_only,n/a,0,,False,,exact
osm-4409086275,Amazing Kuta Hotel,"Kuta, Badung, Bali",-8.7165741,115.1716475,osm_only,n/a,0,,False,,exact
osm-4409155857,Aramanis Villas - Seminyak Villas Complex,Seminyak Kuta,-8.6920175,115.1721023,osm_only,n/a,0,,False,,exact
osm-4409223736,Bali Dream Costel,"Pemogan, Denpasar Sel., Kota Denpasar, Bali, Indonesia",-8.6980041,115.1906055,osm_only,n/a,0,,False,,exact
osm-4409230189,Alamanda Guest House,Denpasar,-8.6842035,115.1903769,osm_only,n/a,0,,False,,exact
osm-4409232361,Bali Hotel | Zizz Convention Hotel,Denpasar Barat,-8.6337419,115.1791259,osm_only,n/a,0,,False,,exact
osm-4409239516,Aleva Villa,Badung,-8.683227,115.1710272,osm_only,n/a,0,,False,,exact
osm-4409267706,Amaris Hotel Teuku Umar,Denpasar,-8.6808674,115.2029171,osm_only,n/a,0,,False,,exact
osm-4409290589,Amaroossa Suite Bali,Nusa Dua,-8.7901831,115.2062834,osm_only,n/a,0,,False,,exact
osm-4409294960,Ananta Legian Hotel,"Legian, Bali, Indonesia",-8.6975432,115.1642289,osm_only,n/a,0,,False,,exact
osm-4409417472,Asa Bali Luxury Villas & Spa,"Kuta, Kabupaten Badung, Bali, Indonesia",-8.6910441,115.1749365,osm_only,n/a,0,,False,,exact
osm-4409436608,Astana Pengembak,"Sanur Kauh, South Denpasar, Bali",-8.7063864,115.2501687,osm_only,n/a,0,,False,,exact
osm-4409533818,Atanaya Hotel,"Kuta, Kabupaten Badung, Bali, Indonesia",-8.7031544,115.1804265,osm_only,n/a,0,,False,,exact
osm-4410775468,Hotel Kumala,"Legian, Kuta, Badung, Bali",-8.6980882,115.1646128,osm_only,n/a,0,,False,,exact
osm-4410781059,Bakung Sari Hotel,"Kuta, Badung, Bali",-8.7253055,115.1750152,osm_only,n/a,0,,False,,exact
osm-4410781408,Hotel Puri Nusa Indah 3,Denpasar Timur,-8.65087,115.2503865,osm_only,n/a,0,,False,,exact
osm-4410782941,Hotel Patrisia,"Sanur, Denpasar Selatan",-8.7174915,115.21728,osm_only,n/a,0,,False,,exact
osm-4410815435,Bali Duta Wisata Beach Inn,"Kuta, Badung, Bali",-8.7160596,115.1724828,osm_only,n/a,0,,False,,exact
osm-4410821686,Bali Puri Hotel,Denpasar,-8.6672247,115.177633,osm_only,n/a,0,,False,,exact
osm-4410926635,Balicosy Villas,"Legian, Kuta",-8.7036047,115.1734879,osm_only,n/a,0,,False,,exact
osm-4411005947,Bellevue Heritage Villas,Nusa Dua,-8.8096319,115.1931911,osm_only,n/a,0,,False,,exact
osm-4411138544,C151 Smart Villas,"Seminyak, Badung",-8.686776,115.1569915,osm_only,n/a,0,,False,,exact
osm-4411189489,Catur Adi Putra Hotel,Denpasar,-8.6622632,115.2111113,osm_only,n/a,0,,False,,exact
osm-4411209496,Centra Taum,Seminyak,-8.676929,115.1598394,osm_only,n/a,0,,False,,exact
osm-4412551778,D'Djabu Villas,"Badung,Bali",-8.6796097,115.1628109,osm_only,n/a,0,,False,,exact
osm-4412554689,D'Kubu Pratama,"Nusa Dua, Bali",-8.7918069,115.225845,osm_only,n/a,0,,False,,exact
osm-4412562380,D&G Villas Legian,"Legian, Kuta, Kabupaten Badung, Bali, Indonesia",-8.7020336,115.1744493,osm_only,n/a,0,,False,,exact
osm-4412570297,Danoya Villa,"Seminyak, Badung",-8.6727663,115.1549289,osm_only,n/a,0,,False,,exact
osm-4412604885,Delu Villas and Suites,"Kerobokan Kelod, Kuta Utara, Kabupaten Badung, Bali, Indonesia",-8.6721428,115.1654212,osm_only,n/a,0,,False,,exact
osm-4412621489,Pondok Dhevika,,-8.1474596,114.6584492,osm_only,n/a,0,,False,,exact
osm-4412624318,Devata Suite & Residence,"Seminyak, Kuta, Legian, Bali",-8.7008673,115.1757046,osm_only,n/a,0,,False,,exact
osm-4412771587,Kanishka Villas Seminyak,"Seminyak, Kuta, Kabupaten Badung, Bali, Indonesia",-8.6887047,115.1688817,osm_only,n/a,0,,False,,exact
osm-4412820767,Favehotel Kuta - Kartika Plaza,"Kuta, Kabupaten Badung, Bali, Indonesia",-8.7302765,115.1677573,osm_only,n/a,0,,False,,exact
osm-4412913429,FuramaXclusive Ocean Beach Seminyak,"Seminyak, Kuta, Bali, Indonesia",-8.6980751,115.1623675,osm_only,n/a,0,,False,,exact
osm-4412922781,Gana Inn Legian,"Legian, Bali",-8.7121734,115.173519,osm_only,n/a,0,,False,,exact
osm-4414250508,Gangga Hotel and Apartment,Denpasar,-8.6841618,115.1900742,osm_only,n/a,0,,False,,exact
osm-4414337156,Sol House Bali Kuta,"Kuta, Bali, Indonesia",-8.725028,115.1721885,osm_only,n/a,0,,False,,exact
osm-4414365134,Kuta Royal Villa,"Kuta, Badung, Bali",-8.7327969,115.1709207,osm_only,n/a,0,,False,,exact
osm-4414418206,Kyriad Villa & Hotel Seminyak,Kerobokan Klod,-8.6601157,115.1593473,osm_only,n/a,0,,False,,exact
osm-4414423671,Villa La-Camera,Kuta Utara,-8.675822,115.1762354,osm_only,n/a,0,,False,,exact
osm-4414458672,Graha Utama Residence,Kerobokan Kelod,-8.6758866,115.1792778,osm_only,n/a,0,,False,,exact
osm-4414491697,Legian Kriyamaha Villa,"Legian, Kuta",-8.7039511,115.1734584,osm_only,n/a,0,,False,,exact
osm-4414502862,Legian Sunset Residence,"Legian, Seminyak, Kuta, Bali",-8.6976816,115.1756313,osm_only,n/a,0,,False,,exact
osm-4414577607,Harris Hotel - Seminyak,"Seminyak, Kuta, Badung, Bali",-8.689678,115.1633671,osm_only,n/a,0,,False,,exact
osm-4414586277,Grandmas Tuban Hotel,"Tuban, Kuta, Kabupaten Badung, Bali",-8.7419051,115.181369,osm_only,n/a,0,,False,,exact
osm-4414597222,Green Villas Hotel,Tuban,-8.7399861,115.1674593,osm_only,n/a,0,,False,,exact
osm-4415954973,Luxio Hotel,Denpasar,-8.6809643,115.2002593,osm_only,n/a,0,,False,,exact
osm-4415958537,H Sovereign Bali,"Tuban, Kuta, Bali",-8.7430888,115.1788317,osm_only,n/a,0,,False,,exact
osm-4415999608,Maharani Beach Hotel,"Kuta, Bali",-8.7198516,115.1694924,osm_only,n/a,0,,False,,exact
osm-4416016531,Maison At C Boutique Hotel & Spa,"Kerobokan, Badung",-8.6748229,115.153493,osm_only,n/a,0,,False,,exact
osm-4416083678,Maxi Hotel,"Kuta, Badung, Bali",-8.7185534,115.1743671,osm_only,n/a,0,,False,,exact
osm-4416093086,MaxOne Seminyak,"Seminyak, Bali",-8.6744969,115.1559849,osm_only,n/a,0,,False,,exact
osm-4416130035,Harris Hotel & Residence Sunset Road,"Sunset Road, Kuta, Bali",-8.7079457,115.1879062,osm_only,n/a,0,,False,,exact
osm-4416149379,MaxOne Suites Kuta Tuban,"Tuban, Kuta, Kabupaten Badung, Bali, Indonesia",-8.7408635,115.1785995,osm_only,n/a,0,,False,,exact
osm-4416161359,Hawaii Bali Hotel,"Kuta, Kabupaten Badung, Bali, Indonesia",-8.7334086,115.1791248,osm_only,n/a,0,,False,,exact
osm-4416161435,Hawaii Bali Villa,Denpasar,-8.7058824,115.2398466,osm_only,n/a,0,,False,,exact
osm-4416190772,HK Villa Bali,"Legian, Kuta, Kabupaten Badung, Bali, Indonesia",-8.7011634,115.1715288,osm_only,n/a,0,,False,,exact
osm-4417203202,Hotel Darmadi,"Kuta, Bali, Indonesia",-8.7316788,115.177629,osm_only,n/a,0,,False,,exact
osm-4417215189,Hotel Ibis Bali Legian Street,"Legian - Badung, Legian, Kuta, Kabupaten Badung, Bali, Indonesia",-8.6983242,115.1692104,osm_only,n/a,0,,False,,exact
osm-4417229497,Hotel Ibis Styles Bali Petitenget,"Kerobokan, Kuta,, Badung, Bali",-8.6726559,115.1594529,osm_only,n/a,0,,False,,exact
osm-4417300388,My Dream Resort & Spa,Kuta Selatan,-8.8219191,115.1445351,osm_only,n/a,0,,False,,exact
osm-4418307846,Hotel Mutiara Mansion,Denpasar,-8.7020408,115.1860478,osm_only,n/a,0,,False,,exact
osm-4418326728,Hotel Ratna Bali,"Kuta, Bali, Indonesia",-8.7265667,115.1765381,osm_only,n/a,0,,False,,exact
osm-4418387795,Ini Vie Villa,"Legian, Kuta, Kabupaten Badung, Bali, Indonesia",-8.7051378,115.1785182,osm_only,n/a,0,,False,,exact
osm-4418396687,Ohana Hotel Kuta,"Kuta, Bali, Indonesia",-8.7258968,115.1755261,osm_only,n/a,0,,False,,exact
osm-4418399345,ISTI Garden Hotel,Nusa Dua,-8.789446,115.2083889,osm_only,n/a,0,,False,,exact
osm-4418407219,J Hotel Kuta Managed by Jayakarta Group,"Kuta, Badung, Bali",-8.7292771,115.1769628,osm_only,n/a,0,,False,,exact
osm-4418407220,Ozz Hotel Kuta Bali,"Kuta, Bali, Indonesia",-8.7256588,115.1730251,osm_only,n/a,0,,False,,exact
osm-4418453026,Palm Garden Hotel,"Kuta, Badung, Bali",-8.7173522,115.1719889,osm_only,n/a,0,,False,,exact
osm-4418459918,Pandawa All Suite Hotel,Kerobokan,-8.6655633,115.1541409,osm_only,n/a,0,,False,,exact
osm-4418490071,Paradise Loft Villas,Kuta Selatan,-8.8058654,115.1861128,osm_only,n/a,0,,False,,exact
osm-4418494649,Paragon Ayola Seminyak,"Seminyak, Badung",-8.6729078,115.1546633,osm_only,n/a,0,,False,,exact
osm-4418607491,Pecatu Indah Resort,Pecatu,-8.8219999,115.143122,osm_only,n/a,0,,False,,exact
osm-4418672253,Famous hotel Kuta-Bali,"Tuban, Kuta Sel., Kabupaten Badung, Bali, Indonesia",-8.7373313,115.1770101,osm_only,n/a,0,,False,,exact
osm-4418926090,Griya Pasir Ukir,,-8.6683818,115.2603566,osm_only,n/a,0,,False,,exact
osm-4419782194,Pesona Beach Inn,"Kuta, Badung Regency, Bali, Indonesia",-8.7206846,115.1717146,osm_only,n/a,0,,False,,exact
osm-4419790087,Phalosa,Kerobokan,-8.6726928,115.1454712,osm_only,n/a,0,,False,,exact
osm-4419882245,Hotel Pondok Agung,Tanjung Benoa,-8.7577401,115.2211628,osm_only,n/a,0,,False,,exact
osm-4419891434,POP! Hotel Teuku Umar - Bali,Denpasar,-8.679812,115.2037832,osm_only,n/a,0,,False,,exact
osm-4419904949,Prada Apartment,Denpasar selatan,-8.7096207,115.197756,osm_only,n/a,0,,False,,exact
osm-4420088211,Quest San Hotel Denpasar,"Denpasar, Bali",-8.6772615,115.1905906,osm_only,n/a,0,,False,,exact
osm-4421408819,Jimbaran Lestari Hotel & Residence - Spa,Jimbaran,-8.7806964,115.1742396,osm_only,n/a,0,,False,,exact
osm-4421420302,The Rivavi Hotel Legian,"Legian Kelod,Kuta,Bali",-8.7087244,115.1714914,osm_only,n/a,0,,False,,exact
osm-4421421413,River View Spa & Lounge,"Legian, Kuta, Bali",-8.698893,115.1725424,osm_only,n/a,0,,False,,exact
osm-4421448649,Royal Barito Apartment,South Denpasar,-8.6841881,115.231982,osm_only,n/a,0,,False,,exact
osm-4421468543,Royal Orchid Residence,"Denpasar, Bali, Indonesia",-8.7020525,115.190559,osm_only,n/a,0,,False,,exact
osm-4421554537,Sandat Hotel Kuta,"Kuta, Badung, Bali",-8.7165401,115.172292,osm_only,n/a,0,,False,,exact
osm-4421579323,Sayang Maha Mertha Hotel,"Legian, Kuta, Badung, Bali",-8.7111184,115.1705975,osm_only,n/a,0,,False,,exact
osm-4421656272,Seminyak Square Hotel,"Seminyak, Kuta, Bali",-8.6836145,115.1559997,osm_only,n/a,0,,False,,exact
osm-4421657943,Seminyak Townhouse,"Kuta, Badung, Bali",-8.6996359,115.1748567,osm_only,n/a,0,,False,,exact
osm-4421663699,Sense Hotel Seminyak,"Seminyak, Badung, Bali",-8.6821413,115.1543945,osm_only,n/a,0,,False,,exact
osm-4421667344,ZIA Seminyak Bali Hotel,"Kerobokan Kelod, Kuta Utara, Kabupaten Badung, Bali, Indonesia",-8.6720529,115.1636736,osm_only,n/a,0,,False,,exact
osm-4421669809,Serela Legian Hotel Bali,"Legian, Kuta, Badung, Bali",-8.7093632,115.1699356,osm_only,n/a,0,,False,,exact
osm-4421674807,Seruni Guest House,Denpasar,-8.6848886,115.1899863,osm_only,n/a,0,,False,,exact
osm-4422250776,Grand Ocean Villa,,-8.6420224,115.2854161,osm_only,n/a,0,,False,,exact
osm-4422250777,Pandawa Beach Villas & Spa,,-8.6438403,115.2812567,osm_only,n/a,0,,False,,exact
osm-4422250779,"Suarti Resort, Villas & Gallery",,-8.6411269,115.286299,osm_only,n/a,0,,False,,exact
osm-4422250780,Villa Beachside,,-8.6440841,115.2805696,osm_only,n/a,0,,False,,exact
osm-4422415603,Villa Boreh,Desa Sembiran,-8.1004087,115.2842428,osm_only,n/a,0,,False,,exact
osm-4423148683,Svarna Suite Seminyak,"Seminyak, Kuta",-8.696765,115.173182,osm_only,n/a,0,,False,,exact
osm-4423167519,Villa Voila,"Seminyak, Badung, Bali, Indonesia",-8.6858812,115.1741675,osm_only,n/a,0,,False,,exact
osm-4423168885,Villa Seminyak Estate & Spa,"Seminyak, Kuta",-8.695578,115.1721859,osm_only,n/a,0,,False,,exact
osm-4423171743,Villa Raka,"Legian, Kuta, Bali",-8.6983555,115.1733372,osm_only,n/a,0,,False,,exact
osm-4423172455,Villa Rajapala,Seminyak Kuta,-8.6916937,115.1712299,osm_only,n/a,0,,False,,exact
osm-4423172698,Swiss-Belresort Watu jimbar,"Sanur, Denpasar, Bali",-8.6915087,115.2621151,osm_only,n/a,0,,False,,exact
osm-4423176176,Villa Balquisse Bali,Jimbaran,-8.7791725,115.1687152,osm_only,n/a,0,,False,,exact
osm-4423176483,Sylvia bali suite residence,Denpasar Selatan,-8.6922498,115.1972974,osm_only,n/a,0,,False,,exact
osm-4423185150,Taksu Sanur Hotel,Sanur,-8.7058565,115.2560614,osm_only,n/a,0,,False,,exact
osm-4423185923,Vidi Boutique Hotel Bali,Jimbaran,-8.7850801,115.1899212,osm_only,n/a,0,,False,,exact
osm-4423191163,Utopic Seminyak,"Legian, Kuta, Kabupaten Badung, Bali, Indonesia",-8.7024685,115.1747477,osm_only,n/a,0,,False,,exact
osm-4423212689,Taman Rosani Hotel & Villa,"Seminyak, Bali",-8.6751406,115.1555948,osm_only,n/a,0,,False,,exact
osm-4423246243,Teges Inn,"Kuta, Badung, Bali",-8.7168936,115.1784055,osm_only,n/a,0,,False,,exact
osm-4423265317,Town House Nusa Dua (Pop Hotel),"Mumbul, Nusa Dua, Bali",-8.7845348,115.1985068,osm_only,n/a,0,,False,,exact
osm-4423281428,The Adma Umalas,Kerobokan Kelod,-8.6691335,115.1589715,osm_only,n/a,0,,False,,exact
osm-4423294329,Tolgay Living Seminyak,Kerobokan,-8.6775165,115.1702643,osm_only,n/a,0,,False,,exact
osm-4423299504,The Alea Hotel Seminyak,"Kerobokan, Badung",-8.6746072,115.1534626,osm_only,n/a,0,,False,,exact
osm-4423336584,The Studio,"Seminyak,Bali",-8.6868081,115.1772319,osm_only,n/a,0,,False,,exact
osm-4423350745,The Sintesa Jimbaran,"Jimbaran,Bali",-8.7908902,115.1591116,osm_only,n/a,0,,False,,exact
osm-4423354301,The Seminyak Village,"Kerobokan Kelod, Kuta, Bali",-8.6817606,115.1590615,osm_only,n/a,0,,False,,exact
osm-4424776179,The Magani Hotel and Spa,"Legian, Kuta, Badung, Bali",-8.7087051,115.1701189,osm_only,n/a,0,,False,,exact
osm-4430860897,Villa Naema,,-8.6830827,115.1723828,osm_only,n/a,0,,False,,exact
osm-4437552300,Surya Homestay,,-8.666835,115.4507945,osm_only,n/a,0,,False,,exact
osm-4438601189,Agus beach inn,,-8.7346798,115.1671,osm_only,n/a,0,,False,,exact
osm-4439106489,Omah d'Taman,,-8.5016639,115.2662048,osm_only,n/a,0,,False,,exact
osm-4441958992,Alola Inn,,-8.5337157,115.5064351,osm_only,n/a,0,,False,,exact
osm-4446869495,Aston kuta,Kuta,-8.7366239,115.165477,osm_only,n/a,0,,False,,exact
osm-4446961395,Artini 3 resort,,-8.5214591,115.2649153,osm_only,n/a,0,,False,,exact
osm-4449837491,Tunjug Mas Bungalow,,-8.5204785,115.2640054,osm_only,n/a,0,,False,,exact
osm-4450525490,kuta usine,,-8.7236653,115.1700599,osm_only,n/a,0,,False,,exact
osm-4453349559,Villa Gusmania,,-8.5114468,115.5761679,osm_only,n/a,0,,False,,exact
osm-4454087189,Kebun Impian,,-8.4549877,115.6461319,osm_only,n/a,0,,False,,exact
osm-4455832293,Padang Lovina,,-8.161748,115.0256666,osm_only,n/a,0,,False,,exact
osm-4461358868,Royal Casa Ganesha Hotel & Resort,Gianyar,-8.5491172,115.2658103,osm_only,n/a,0,,False,,exact
osm-4467737330,Swasti Eco Cottages,,-8.522783,115.2576595,osm_only,n/a,0,,False,,exact
osm-4467737445,Villa Santai Pemuteran,,-8.1427913,114.6534972,osm_only,n/a,0,,False,,exact
osm-4470930990,Smile Villa,,-8.6391383,115.1508674,osm_only,n/a,0,,False,,exact
osm-4486138689,Mangga Villa Beach,,-8.344521,115.6705152,osm_only,n/a,0,,False,,exact
osm-4491707359,Bali Ginger Suites,"Seminyak, Kuta, Bali",-8.6906038,115.1652999,osm_only,n/a,0,,False,,exact
osm-4491845506,Bonsai Villas,,-8.6947156,115.1670629,osm_only,n/a,0,,False,,exact
osm-4498131989,Taman Ayu Legian Hotel,,-8.7155387,115.1740483,osm_only,n/a,0,,False,,exact
osm-4504064307,Bima Sakti,,-8.6521559,115.1319101,osm_only,n/a,0,,False,,exact
osm-4510241648,Plataran Luxury Villa Resort,,-8.1322286,114.5558543,osm_only,n/a,0,,False,,exact
osm-4510241650,The Menjangan Beach Vukkas,,-8.1329027,114.5573078,osm_only,n/a,0,,False,,exact
osm-4510241653,The Menjangan Monsoon Lodge,,-8.1438371,114.5471532,osm_only,n/a,0,,False,,exact
osm-4522993489,Bali Villa Dive Resort,Sambirenteng,-8.1474926,115.4096277,osm_only,n/a,0,,False,,exact
osm-4527732870,Ubud Heaven,Ubud,-8.5034441,115.2512953,osm_only,n/a,0,,False,,exact
osm-4531607912,Rantun's place,,-8.825179,115.2158774,osm_only,n/a,0,,False,,exact
osm-4535488392,Shanti Toya Ashram,,-8.5484465,115.2082517,osm_only,n/a,0,,False,,exact
osm-4538691789,Bali Aroma Exclusive Villas,,-8.6741007,115.1481977,osm_only,n/a,0,,False,,exact
osm-4548661090,Green Spirit Villa,,-8.4979311,115.2447547,osm_only,n/a,0,,False,,exact
osm-4557709099,Gravity Bali Hotel,,-8.8216581,115.1170534,osm_only,n/a,0,,False,,exact
osm-4559280989,Friendly Bali,,-8.527701,115.2713028,osm_only,n/a,0,,False,,exact
osm-4562359192,Sing Ken Ken,,-8.6972989,115.1628094,osm_only,n/a,0,,False,,exact
osm-4571086097,indigo tree,,-8.5066451,115.2863263,osm_only,n/a,0,,False,,exact
osm-4571259591,Rai house sanur,,-8.6764037,115.257566,osm_only,n/a,0,,False,,exact
osm-4572645847,The Royal Pita Maha,Bali,-8.4747973,115.2437227,osm_only,n/a,0,,False,,exact
osm-4574456191,Swara Homestay,,-8.6722284,115.4494953,osm_only,n/a,0,,False,,exact
osm-4574557791,Krinsa Guest House,,-8.7048928,115.4893955,osm_only,n/a,0,,False,,exact
osm-4574559591,Penginapan Yuda Homestay,,-8.6784577,115.5179309,osm_only,n/a,0,,False,,exact
osm-4596057648,De Dalam - Secret Nature,"Ubud, Kabupaten Gianyar, Bali",-8.5213546,115.2636421,osm_only,n/a,0,,False,,exact
osm-4609220590,Good Karma,,-8.3567448,115.6922641,osm_only,n/a,0,,False,,exact
osm-4622788700,Casa Raja,,-8.5086203,115.2509957,osm_only,n/a,0,,False,,exact
osm-4631946192,Kampung Canggu,,-8.6444134,115.1483629,osm_only,n/a,0,,False,,exact
osm-4644398193,Villa Beachside Ketewel,,-8.6441916,115.280685,osm_only,n/a,0,,False,,exact
osm-4648213589,Double One Villas II,,-8.350923,115.68238,osm_only,n/a,0,,False,,exact
osm-4650565789,Sayan Terrace Resort,,-8.5009403,115.2438115,osm_only,n/a,0,,False,,exact
osm-4662237889,Tutick House,,-8.5151103,115.2651586,osm_only,n/a,0,,False,,exact
osm-4662997707,rented room,,-8.6908971,115.1638726,osm_only,n/a,0,,False,,exact
osm-4670685390,Aqua Life Bali,,-8.2751399,115.5901835,osm_only,n/a,0,,False,,exact
osm-4677635390,Jonsen Homestay,,-8.6537904,115.1310168,osm_only,n/a,0,,False,,exact
osm-4677917200,Diwangkara Beach Hotel & Resort,,-8.6743133,115.2630758,osm_only,n/a,0,,False,,exact
osm-4689111346,Amarta Beach Retreat by Nakula,,-8.5612562,115.0354853,osm_only,n/a,0,,False,,exact
osm-4693513591,VILLA KEREN,,-8.6807071,115.1577761,osm_only,n/a,0,,False,,exact
osm-4698150992,Angelo's Ocean View Penthouse,,-8.6788814,115.1536021,osm_only,n/a,0,,False,,exact
osm-4698225990,Villa Angelo Ocean View,,-8.688919,115.159073,osm_only,n/a,0,,False,,exact
osm-4706702183,Pelangi Bali hotel,,-8.6937966,115.15975,osm_only,n/a,0,,False,,exact
osm-4706702607,Mesari Beach Inn,,-8.6941667,115.1599939,osm_only,n/a,0,,False,,exact
osm-4708206863,Cempaka Belimbing Villas,,-8.4229597,115.0286838,osm_only,n/a,0,,False,,exact
osm-4710004790,Simpang in bungalows,,-8.7076052,115.4885811,osm_only,n/a,0,,False,,exact
osm-4712666356,Menjangan Sari,,-8.1547284,114.5793352,osm_only,n/a,0,,False,,exact
osm-4723420375,Meditasi Bungalows,,-8.3730287,115.7054284,osm_only,n/a,0,,False,,exact
osm-4728652148,Puri Asri Villa,Nyuh Kuning,-8.5227862,115.2566645,osm_only,n/a,0,,False,,exact
osm-4748872122,Luz-Ita sunshine villas,,-8.8396631,115.1391466,osm_only,n/a,0,,False,,exact
osm-4766016219,Samkhya Villas,,-8.489569,115.247818,osm_only,n/a,0,,False,,exact
osm-4769019124,Villa Kulanrama,,-8.4978882,115.2474688,osm_only,n/a,0,,False,,exact
osm-4769133539,Temuku Ubud Villas,,-8.4894297,115.2478599,osm_only,n/a,0,,False,,exact
osm-4769136125,Villa Santun,,-8.4888417,115.2480065,osm_only,n/a,0,,False,,exact
osm-4769136126,Ubud Padi Villas,,-8.4879648,115.2480471,osm_only,n/a,0,,False,,exact
osm-4772358423,Villa Serendipity,,-8.6497307,115.1385974,osm_only,n/a,0,,False,,exact
osm-4772484721,Arjuna Homestay,,-8.147254,114.6546341,osm_only,n/a,0,,False,,exact
osm-4775987622,Bali Culture Guesthouse,,-8.5296474,115.2899104,osm_only,n/a,0,,False,,exact
osm-4782415924,Zen Hideaway,,-8.4908314,115.2399448,osm_only,n/a,0,,False,,exact
osm-4782415925,Green village (bamboo),,-8.5749336,115.214196,osm_only,n/a,0,,False,,exact
osm-4785789751,Mangga Bali Inn,,-8.7138749,115.174126,osm_only,n/a,0,,False,,exact
osm-4787293522,Jati and home stay,,-8.6979698,115.2628368,osm_only,n/a,0,,False,,exact
osm-4787479221,Toya Villa,,-8.4635873,115.3092368,osm_only,n/a,0,,False,,exact
osm-4789208822,Puri Pandan's,,-8.5090443,115.5679938,osm_only,n/a,0,,False,,exact
osm-4792775922,Mayaloka Villas,,-8.675763,115.1535182,osm_only,n/a,0,,False,,exact
osm-4792775923,PinkCoco Uluwatu,,-8.8126622,115.1066431,osm_only,n/a,0,,False,,exact
osm-4792862622,Tirta Arum,,-8.4994253,115.2681653,osm_only,n/a,0,,False,,exact
osm-4796023823,Room@Bali,,-8.4997845,115.2438989,osm_only,n/a,0,,False,,exact
osm-4796320023,Fish co,,-8.7166931,115.1696939,osm_only,n/a,0,,False,,exact
osm-4798690761,Villa Bali VIllage,ubud,-8.4711689,115.2608692,osm_only,n/a,0,,False,,exact
osm-4805017396,Come Back Guesthouse,,-8.646286,115.1526368,osm_only,n/a,0,,False,,exact
osm-4809117124,Little Pond Homestay,,-8.685141,115.2624867,osm_only,n/a,0,,False,,exact
osm-4812524421,Suba guesthouse,,-8.6825002,115.4350163,osm_only,n/a,0,,False,,exact
osm-4813594322,Suba homestay,,-8.6824903,115.4350288,osm_only,n/a,0,,False,,exact
osm-4814984221,Ketut's warung home stay,,-8.6689771,115.448519,osm_only,n/a,0,,False,,exact
osm-4818726921,Anand Ashram,,-8.4820603,115.2677093,osm_only,n/a,0,,False,,exact
osm-4830532548,Bali Manik Beach Inn,,-8.7163979,115.1723275,osm_only,n/a,0,,False,,exact
osm-4834482521,Villa Nirvana,,-8.4272349,115.4600238,osm_only,n/a,0,,False,,exact
osm-4849235521,The Kubu 221,,-8.6994653,115.445603,osm_only,n/a,0,,False,,exact
osm-4857778322,Villa didi,,-8.8360294,115.164521,osm_only,n/a,0,,False,,exact
osm-4867426021,Ping Hotel entrance,,-8.6921691,115.1628638,osm_only,n/a,0,,False,,exact
osm-4875938329,Bali view apartments,,-8.6987795,115.1755341,osm_only,n/a,0,,False,,exact
osm-4877205421,Villa Imagine,,-8.6817074,115.1559732,osm_only,n/a,0,,False,,exact
osm-4887817723,Semimpi,,-8.6629861,115.161309,osm_only,n/a,0,,False,,exact
osm-4888020744,Pondok Arsa Santhi Bungalow Lembongan,,-8.6704822,115.4496834,osm_only,n/a,0,,False,,exact
osm-4914143968,Aston Canggu Beach Resort,Canggu,-8.6575681,115.1308537,osm_only,n/a,0,,False,,exact
osm-4914696522,Alley City Hotel,,-8.6738053,115.2589351,osm_only,n/a,0,,False,,exact
osm-4918691321,Batu Belig Hotel and Spa,,-8.6721757,115.1561639,osm_only,n/a,0,,False,,exact
osm-4929548322,Royal tulyp,,-8.3360741,115.1871085,osm_only,n/a,0,,False,,exact
osm-4931014122,Bali Nyuh Gading Villas Kerobokan Kelod,,-8.6701605,115.1555304,osm_only,n/a,0,,False,,exact
osm-4933568745,Hotel Candidasa Beach,Candidasa,-8.5093545,115.5685029,osm_only,n/a,0,,False,,exact
osm-4933568807,Bungalow Geringsing,Candidasa,-8.5086204,115.5663671,osm_only,n/a,0,,False,,exact
osm-4937986840,ojek homestay,,-8.5080133,115.2667292,osm_only,n/a,0,,False,,exact
osm-4939915425,Hotel villa 1111,,-8.6815614,115.1689262,osm_only,n/a,0,,False,,exact
osm-4940029099,Easy Surf Camp,"Kuta, Badung, Bali, Indonesia",-8.7119379,115.1677455,osm_only,n/a,0,,False,,exact
osm-4948213508,Candi Beach Resort & Spa,Karangasem,-8.5034661,115.5523552,osm_only,n/a,0,,False,,exact
osm-4950866179,Visata,,-8.4762416,115.4397031,osm_only,n/a,0,,False,,exact
osm-4956267921,Villa Kae,,-8.6805157,115.1655461,osm_only,n/a,0,,False,,exact
osm-4958408424,villa semat,,-8.6536669,115.1429413,osm_only,n/a,0,,False,,exact
osm-4965176921,Langkah Bali,,-8.5279327,115.2572706,osm_only,n/a,0,,False,,exact
osm-4973165424,Trijaya guesthouse,,-8.1458562,114.6494906,osm_only,n/a,0,,False,,exact
osm-4978778221,heru's appartement,,-8.6826546,115.156057,osm_only,n/a,0,,False,,exact
osm-4982075622,Dodol Lembongan Cliff Sunset Homestay,,-8.6869534,115.4294843,osm_only,n/a,0,,False,,exact
osm-4989900798,Amarta Beach Cottages,Candidasa,-8.5047984,115.5514265,osm_only,n/a,0,,False,,exact
osm-4989905993,Arjuna Twenty,Ubud,-8.5066634,115.260971,osm_only,n/a,0,,False,,exact
osm-4991825122,Cozy Villa (Airbnb),,-8.5471595,115.2620049,osm_only,n/a,0,,False,,exact
osm-5003976121,Dewa Bharata Bungalows Legian,,-8.7116672,115.1730595,osm_only,n/a,0,,False,,exact
osm-5004052421,The Yogasari (turn right at end of this road and at the end of the track),,-8.6836602,115.1747028,osm_only,n/a,0,,False,,exact
osm-5010500731,Kultur warung,,-8.6780148,115.1607022,osm_only,n/a,0,,False,,exact
osm-5010530021,Villa Jerami,,-8.688292,115.1692329,osm_only,n/a,0,,False,,exact
osm-5021255721,Alamkulkul,,-8.7106223,115.1678276,osm_only,n/a,0,,False,,exact
osm-5023117321,The Village Guesthouse,,-8.5034067,115.2659865,osm_only,n/a,0,,False,,exact
osm-5027831533,Reynold Artha Guesthouse,,-8.6865743,115.4367781,osm_only,n/a,0,,False,,exact
osm-5032509621,Whayu Dana Hotel,,-8.143495,115.049419,osm_only,n/a,0,,False,,exact
osm-5037035722,Tegal Sari,,-8.5206356,115.262411,osm_only,n/a,0,,False,,exact
osm-5044203121,Pakung Sari,,-8.5191046,115.2719546,osm_only,n/a,0,,False,,exact
osm-5052389021,Wani Bali,,-8.6784469,115.4908233,osm_only,n/a,0,,False,,exact
osm-5052517731,Lovina Beach Hotel,Kaliasem,-8.1632055,115.0238501,osm_only,n/a,0,,False,,exact
osm-5052517765,Santhika Bed & Breakfast,,-8.1696857,115.0228744,osm_only,n/a,0,,False,,exact
osm-5053249146,Harmony Guest House,,-8.5309162,115.5082644,osm_only,n/a,0,,False,,exact
osm-5057386521,Hotel made sempidi,,-8.5991398,115.1869359,osm_only,n/a,0,,False,,exact
osm-5065920543,The Volcania Guesthouse,,-8.2837958,115.3652416,osm_only,n/a,0,,False,,exact
osm-5071523521,Artini 1 Cottages,,-8.5154411,115.2639037,osm_only,n/a,0,,False,,exact
osm-5104442832,Hotel Vista Gatsu,Kerobokan,-8.6373298,115.1760664,osm_only,n/a,0,,False,,exact
osm-5106439823,Ulun Ubud Resort and Spa,,-8.4870766,115.2540282,osm_only,n/a,0,,False,,exact
osm-5107249622,zen,,-8.7892337,115.1718758,osm_only,n/a,0,,False,,exact
osm-5121221821,Amore Villas,,-8.6639507,115.1468666,osm_only,n/a,0,,False,,exact
osm-5126061303,Bali Relaxing Resort & Spa,,-8.7777255,115.2244524,osm_only,n/a,0,,False,,exact
osm-5130591125,White House,,-8.5150995,115.2622948,osm_only,n/a,0,,False,,exact
osm-5181434526,Warung Santa Fe and Bungalows,,-8.335671,115.6459472,osm_only,n/a,0,,False,,exact
osm-5198112721,Abian Harmony,,-8.7033503,115.2606399,osm_only,n/a,0,,False,,exact
osm-5199937926,Lembongan Cliff Villas,,-8.6812042,115.4421301,osm_only,n/a,0,,False,,exact
osm-5208415427,vue beach club,,-8.6684043,115.1414405,osm_only,n/a,0,,False,,exact
osm-5222591221,The Savatthi Villas,,-8.546674,115.2856021,osm_only,n/a,0,,False,,exact
osm-5244158021,Merusaka Nusa Dua,,-8.8066091,115.2317098,osm_only,n/a,0,,False,,exact
osm-5245908131,Lovina Oasis Hotel,Kalibukbuk-Lovina,-8.1596114,115.0297712,osm_only,n/a,0,,False,,exact
osm-5246521317,The radian villa,,-8.6535246,115.1307817,osm_only,n/a,0,,False,,exact
osm-5246521457,Kirana,,-8.6546095,115.1317406,osm_only,n/a,0,,False,,exact
osm-5246521921,Mikuk Homestay,,-8.6544896,115.1321903,osm_only,n/a,0,,False,,exact
osm-5248375821,Made Roejas Homestay,,-8.803606,115.131627,osm_only,n/a,0,,False,,exact
osm-5249994570,Sumberkima Hill Retreat,Beleleng,-8.1498979,114.6098079,osm_only,n/a,0,,False,,exact
osm-5261359421,Wikabali Beach House (true),,-8.7884338,115.1723351,osm_only,n/a,0,,False,,exact
osm-5276717922,Denbencingah Triangle Cottage,,-8.6787868,115.5242027,osm_only,n/a,0,,False,,exact
osm-5321247021,Rice paddy bungalow,,-8.5134872,115.2616351,osm_only,n/a,0,,False,,exact
osm-5326967622,Pondok Kana,,-8.6728887,115.5524325,osm_only,n/a,0,,False,,exact
osm-5336216324,Villa Matahari,,-8.6451219,115.1137161,osm_only,n/a,0,,False,,exact
osm-5336810421,Gading Homestay,,-8.5166469,115.2678137,osm_only,n/a,0,,False,,exact
osm-5360144394,Ubad Retreat,"Gianyar, Bali",-8.538414,115.2521999,osm_only,n/a,0,,False,,exact
osm-5367814852,Wijaya Garden,,-8.4934937,115.2565862,osm_only,n/a,0,,False,,exact
osm-5373966522,Nusa Villa,Klungkung,-8.6849868,115.4342236,osm_only,n/a,0,,False,,exact
osm-5374897404,Febri's Hotel & Spa,"Kuta, Bali",-8.7326082,115.1675288,osm_only,n/a,0,,False,,exact
osm-5379585522,Villa Teman,,-8.6907458,115.1630045,osm_only,n/a,0,,False,,exact
osm-5385114323,Hidden Ubud House,,-8.4861934,115.2652547,osm_only,n/a,0,,False,,exact
osm-5410113822,Marina Suit Apartment,,-8.704746,115.2393251,osm_only,n/a,0,,False,,exact
osm-5422063805,MaxOne,,-8.5228041,115.2627882,osm_only,n/a,0,,False,,exact
osm-5426413921,Eco Lodge Tangguntiti,,-8.5370038,115.0502495,osm_only,n/a,0,,False,,exact
osm-5426546121,Tijili Benoa,,-8.7774338,115.223894,osm_only,n/a,0,,False,,exact
osm-5449809621,Hotel Bali Warma,,-8.6814544,115.2602955,osm_only,n/a,0,,False,,exact
osm-5466209522,Uma Kutuh 2,,-8.499387,115.2703849,osm_only,n/a,0,,False,,exact
osm-5476942022,The beach Huts,,-8.6754649,115.4471403,osm_only,n/a,0,,False,,exact
osm-5483742204,Taxa Uma,,-8.7237115,115.1733295,osm_only,n/a,0,,False,,exact
osm-5491550729,Kubu Cempaka,,-8.6899337,115.1699558,osm_only,n/a,0,,False,,exact
osm-5517488322,Muka house,,-8.5043458,115.2664794,osm_only,n/a,0,,False,,exact
osm-5526843624,Volcano 2 Guesthouse,,-8.249126,115.4009885,osm_only,n/a,0,,False,,exact
osm-5527313922,Dreamsea Surfcamp Bali,,-8.8100903,115.1053654,osm_only,n/a,0,,False,,exact
osm-5532431280,Alam Shanti,,-8.521982,115.2577627,osm_only,n/a,0,,False,,exact
osm-5545706621,The Shooting Star Homestay,,-8.3352311,115.6498871,osm_only,n/a,0,,False,,exact
osm-5546954378,Uluwatu Made Guesthouse,,-8.835473,115.1315564,osm_only,n/a,0,,False,,exact
osm-5549601045,Broken Beach Villa,,-8.7292052,115.4597875,osm_only,n/a,0,,False,,exact
osm-5551446721,Grand whiz,,-8.7919377,115.2279889,osm_only,n/a,0,,False,,exact
osm-5553705117,EchoBeachVilla,Pererenan,-8.6530149,115.1254301,osm_only,n/a,0,,False,,exact
osm-5553769327,Dimol Garden Cottage,,-8.688689,115.4483629,osm_only,n/a,0,,False,,exact
osm-5558897621,Warsa’s Garden Bungalow,,-8.5150705,115.2604667,osm_only,n/a,0,,False,,exact
osm-5573156421,Penida Sunrise Hill,,-8.6876119,115.4821862,osm_only,n/a,0,,False,,exact
osm-5580598128,The Aura santhi retreat,,-8.3706533,115.1791271,osm_only,n/a,0,,False,,exact
osm-5581602321,Wave House Surf Camp - Discovery Villa,,-8.6658826,115.1433318,osm_only,n/a,0,,False,,exact
osm-5593447621,Wijaya Guesthouse,,-8.6611364,115.1382932,osm_only,n/a,0,,False,,exact
osm-5593793122,Villa Nyoman,,-8.1708713,115.0248031,osm_only,n/a,0,,False,,exact
osm-5624763123,Sunrise penida hotel,,-8.6864886,115.4824805,osm_only,n/a,0,,False,,exact
osm-5630567921,Cilinaya,,-8.5002351,115.2725925,osm_only,n/a,0,,False,,exact
osm-5636108121,Tetirah Boutique Villa,,-8.4748421,115.269223,osm_only,n/a,0,,False,,exact
osm-5641782721,UbudOne Villas,,-8.4851849,115.2866184,osm_only,n/a,0,,False,,exact
osm-5643251421,Kebun Kita Bali,,-8.3539007,115.0162434,osm_only,n/a,0,,False,,exact
osm-5648840521,Narayana Homestay,,-8.335875,115.6416548,osm_only,n/a,0,,False,,exact
osm-5651550644,Melanting cottages,,-8.2610599,115.0660097,osm_only,n/a,0,,False,,exact
osm-5653579154,Pancasari,,-8.2507591,115.1524202,osm_only,n/a,0,,False,,exact
osm-5655030618,Villa komea,,-8.667373,115.1476406,osm_only,n/a,0,,False,,exact
osm-5655031355,Ami Coral Villa,,-8.6663291,115.1471555,osm_only,n/a,0,,False,,exact
osm-5655312739,Novotel Bali Ngurah Rai Airport,,-8.743659,115.1652003,osm_only,n/a,0,,False,,exact
osm-5662866266,Mantra Nature Retreat Hotel,,-8.5574634,115.0457074,osm_only,n/a,0,,False,,exact
osm-5666218321,Nara Guest House,,-8.5216443,115.2580987,osm_only,n/a,0,,False,,exact
osm-5668159427,Hanging Villa,,-8.6994007,115.4534866,osm_only,n/a,0,,False,,exact
osm-5668964342,Sudi Homestay,,-8.3347509,115.6445158,osm_only,n/a,0,,False,,exact
osm-5674243109,Sawah Lovina Hôtel,,-8.1577258,115.0278762,osm_only,n/a,0,,False,,exact
osm-5679066162,Valomia Beach Front,,-8.3351929,115.651766,osm_only,n/a,0,,False,,exact
osm-5684756617,Coco Resort Penida,,-8.7093015,115.4745913,osm_only,n/a,0,,False,,exact
osm-5696348830,Ganesha Amed,,-8.3353821,115.6570494,osm_only,n/a,0,,False,,exact
osm-5702062221,Wahyu Dana,,-8.17119,115.0066515,osm_only,n/a,0,,False,,exact
osm-5722499622,Villa Amman,,-8.6809961,115.1587258,osm_only,n/a,0,,False,,exact
osm-5731872022,Wina Ubud B&B,,-8.5017207,115.2642627,osm_only,n/a,0,,False,,exact
osm-5743394323,Lime Villas,,-8.6684725,115.1470365,osm_only,n/a,0,,False,,exact
osm-5745097621,Bubble Hotel Reception,,-8.8362724,115.1014797,osm_only,n/a,0,,False,,exact
osm-5759734221,Villa Budha,,-8.6733598,115.151421,osm_only,n/a,0,,False,,exact
osm-5761102621,Nova Homestay,,-8.5138142,115.2700307,osm_only,n/a,0,,False,,exact
osm-5769490639,The Garden Villa,Sanur,-8.7075017,115.2467713,osm_only,n/a,0,,False,,exact
osm-5779353055,Lestari Bungalows,,-8.5133962,115.2620481,osm_only,n/a,0,,False,,exact
osm-5780562653,Home Sweet Home,,-8.6832931,115.236583,osm_only,n/a,0,,False,,exact
osm-5793285253,Adisiya Homestay,,-8.1515173,114.6706209,osm_only,n/a,0,,False,,exact
osm-5794920953,The Garuda Villa & Restaurant,,-8.2429113,115.1042523,osm_only,n/a,0,,False,,exact
osm-5801679353,Villa Bali Exotica,,-8.6505125,115.1377874,osm_only,n/a,0,,False,,exact
osm-5808215653,Green Beach Inn,,-8.68037,115.5742001,osm_only,n/a,0,,False,,exact
osm-5812219855,The Acala,,-8.6896307,115.4511551,osm_only,n/a,0,,False,,exact
osm-5814484333,Three Brothers Guest House,,-8.5158174,115.2642835,osm_only,n/a,0,,False,,exact
osm-5814627253,pange hostel Lembongan,,-8.6931676,115.4409056,osm_only,n/a,0,,False,,exact
osm-5816707101,White Sandy Beach Menjangan,,-8.1360888,114.5643914,osm_only,n/a,0,,False,,exact
osm-5817537683,Raditia Homestay,,-8.5151252,115.2631649,osm_only,n/a,0,,False,,exact
osm-5819671553,OYO 3186 Thomas Garden Place,,-8.8132167,115.108939,osm_only,n/a,0,,False,,exact
osm-5828657097,Family Garden Cottages,,-8.678154,115.5247667,osm_only,n/a,0,,False,,exact
osm-5831035985,Green Escape Eco & Boutique Resort,,-8.8080753,115.1167841,osm_only,n/a,0,,False,,exact
osm-5833954886,Satria House Amed,,-8.3358893,115.6451636,osm_only,n/a,0,,False,,exact
osm-5837326717,Be Bali Menjangan,,-8.1368423,114.5784572,osm_only,n/a,0,,False,,exact
osm-5839156485,The Sandat,,-8.6849321,115.4367065,osm_only,n/a,0,,False,,exact
osm-5858969509,Shangri-La's Nusa Dua Resort & Spa,,-8.8113247,115.2296734,osm_only,n/a,0,,False,,exact
osm-5864719586,Hostel Nusa Penida,Nusa Penida island,-8.6739784,115.5568955,osm_only,n/a,0,,False,,exact
osm-5872497485,Parma hotel,,-8.1658968,115.0162964,osm_only,n/a,0,,False,,exact
osm-5875459086,Sugar Villas,,-8.4881995,115.2698325,osm_only,n/a,0,,False,,exact
osm-5875574085,Mondo Surf and Lifestyle Village,,-8.6422944,115.1314042,osm_only,n/a,0,,False,,exact
osm-5877083585,Sonia Loka Bungalows,,-8.1412505,114.6498814,osm_only,n/a,0,,False,,exact
osm-5889869787,Manuaba Inn,,-8.5122462,115.2691853,osm_only,n/a,0,,False,,exact
osm-5893786285,Blue Gecko Villas,,-8.3331778,115.6336153,osm_only,n/a,0,,False,,exact
osm-5900666786,Ubud Batan Nyuh Bed Breakfast & Spa,,-8.555,115.263262,osm_only,n/a,0,,False,,exact
osm-5903029087,COMO Uma Canggu,Canggu,-8.6552742,115.1266639,osm_only,n/a,0,,False,,exact
osm-5905794786,Ubud Tropical,,-8.5003196,115.2719261,osm_only,n/a,0,,False,,exact
osm-5918675585,Denayu homestay,,-8.7311711,115.1699983,osm_only,n/a,0,,False,,exact
osm-5921782685,Mondo Surf & Lifestyle,,-8.6418608,115.1317597,osm_only,n/a,0,,False,,exact
osm-5926516524,Wak Asih,,-8.5421414,115.3991733,osm_only,n/a,0,,False,,exact
osm-5930302185,Komaneka,,-8.5133369,115.2603447,osm_only,n/a,0,,False,,exact
osm-5965561287,Mina pelasa,,-8.7090871,115.1737364,osm_only,n/a,0,,False,,exact
osm-5973662286,Savira Bungalow,,-8.5163073,115.2619933,osm_only,n/a,0,,False,,exact
osm-5975872085,Kakiang Resort & Pool,,-8.5199712,115.263915,osm_only,n/a,0,,False,,exact
osm-5982745886,Sankara suites & villa,,-8.4812853,115.2676872,osm_only,n/a,0,,False,,exact
osm-6005391911,Coast Boutique Apartments,"Kuta, Bali",-8.714372,115.1691467,osm_only,n/a,0,,False,,exact
osm-6008782386,Bukit Taman Cottage,,-8.6811587,115.4505997,osm_only,n/a,0,,False,,exact
osm-6009510063,Puri Taman Sari Resort,,-8.5248677,115.1680309,osm_only,n/a,0,,False,,exact
osm-6021094060,Umah Pelangi,,-8.6737898,115.1485915,osm_only,n/a,0,,False,,exact
osm-6053715591,Bale Tudor Villa,,-8.492995,115.2410602,osm_only,n/a,0,,False,,exact
osm-6053739831,Lokha,,-8.4924818,115.2586349,osm_only,n/a,0,,False,,exact
osm-6061576785,Green Mango Villas,,-8.6968375,115.1678452,osm_only,n/a,0,,False,,exact
osm-6077827278,Pramana Desa Swan,Blahbatuh,-8.5976048,115.3344505,osm_only,n/a,0,,False,,exact
osm-6080995985,Kanda homestay (the real one),,-8.4709659,115.4451058,osm_only,n/a,0,,False,,exact
osm-6082123785,Goya Boutique Resort,,-8.512046,115.2582576,osm_only,n/a,0,,False,,exact
osm-6082126985,Brata Cottage,,-8.5121472,115.258253,osm_only,n/a,0,,False,,exact
osm-6082126987,Nick's Hidden Cottages,,-8.5111244,115.2573558,osm_only,n/a,0,,False,,exact
osm-6082129087,Alam Terrace,,-8.5108956,115.2584337,osm_only,n/a,0,,False,,exact
osm-6087603657,Amori Villas,,-8.5165367,115.2805085,osm_only,n/a,0,,False,,exact
osm-6142545785,Ubud Permai Bungalows,,-8.5175008,115.2595102,osm_only,n/a,0,,False,,exact
osm-6150748494,Gusde Villa and House,,-8.5352069,115.2666352,osm_only,n/a,0,,False,,exact
osm-6174397090,Bidadari Hotel,,-8.7743222,115.2216463,osm_only,n/a,0,,False,,exact
osm-6182786285,Awan Biru Villas,,-8.3462938,115.2549988,osm_only,n/a,0,,False,,exact
osm-6183040831,AIR Ubud,Ubud,-8.5001644,115.2631996,osm_only,n/a,0,,False,,exact
osm-6190597735,Jambuluwuk Oceano Seminyak Hotel,,-8.676523,115.1556671,osm_only,n/a,0,,False,,exact
osm-6197735146,Tejaprana Bisma,,-8.5168583,115.2572077,osm_only,n/a,0,,False,,exact
osm-6199568685,Villa Reva,,-8.1832791,115.0012721,osm_only,n/a,0,,False,,exact
osm-6200008626,Pertiwi Resort & Spa,,-8.513202,115.2605413,osm_only,n/a,0,,False,,exact
osm-6243499399,Hotel Arsa Santhi Nusa Penida,Nusa Penida,-8.6758145,115.4918158,osm_only,n/a,0,,False,,exact
osm-6263428885,Miko Villas,,-8.5049231,115.266953,osm_only,n/a,0,,False,,exact
osm-6280152387,Naradas Mushroom hotel,,-8.684603,115.4330892,osm_only,n/a,0,,False,,exact
osm-6282456785,The Mesare Resort,,-8.7387891,115.540422,osm_only,n/a,0,,False,,exact
osm-6298225685,The Ratna Kuta,,-8.7191379,115.1782051,osm_only,n/a,0,,False,,exact
osm-6298362485,Hotel Lusa at Kuta Beach,,-8.712515,115.169703,osm_only,n/a,0,,False,,exact
osm-6302504086,The Mungkul Cottage,nusa penida,-8.6948212,115.4913583,osm_only,n/a,0,,False,,exact
osm-6317244485,Gobleg Inn Uluwatu,,-8.8222929,115.0910113,osm_only,n/a,0,,False,,exact
osm-6320018786,Firefly Retreat Bali,,-8.4852137,115.2626406,osm_only,n/a,0,,False,,exact
osm-6320637685,villa poppy,,-8.6837965,115.1726708,osm_only,n/a,0,,False,,exact
osm-6327134988,Buddha Homestay,,-8.4967918,115.2599277,osm_only,n/a,0,,False,,exact
osm-6332106985,Omunity Bali,,-8.1520005,115.1608382,osm_only,n/a,0,,False,,exact
osm-6334759085,Alam Slumbung Resort and restaurant,,-8.7053535,115.4781277,osm_only,n/a,0,,False,,exact
osm-6340904486,Lloyd’s Inn Bali,,-8.6964849,115.1640587,osm_only,n/a,0,,False,,exact
osm-6340947985,Amatara Arya Ubud,,-8.5255911,115.2438685,osm_only,n/a,0,,False,,exact
osm-6348984685,Ananda Homestay,,-8.1808321,115.1878676,osm_only,n/a,0,,False,,exact
osm-6349903292,Natura Villa Resort,Ubud,-8.5007661,115.2766322,osm_only,n/a,0,,False,,exact
osm-6351400982,The Payogan Villa Resort & Spa,Gianyar,-8.475045,115.2515745,osm_only,n/a,0,,False,,exact
osm-6364179389,The ANVAYA Hotel,,-8.7328419,115.1659977,osm_only,n/a,0,,False,,exact
osm-6398395485,Breezes Resort,,-8.6922859,115.1622864,osm_only,n/a,0,,False,,exact
osm-6400308385,Kampung Ubud Villa,,-8.5152302,115.2377989,osm_only,n/a,0,,False,,exact
osm-6418734785,kubu sental homestay,,-8.6884801,115.5365577,osm_only,n/a,0,,False,,exact
osm-6419931750,Villa Sanghyang,,-8.1504651,115.3938371,osm_only,n/a,0,,False,,exact
osm-6437487785,Abasan Hill Hotel and Spa,,-8.6854913,115.4835083,osm_only,n/a,0,,False,,exact
osm-6437736485,Gracia Bali villas,,-8.6912253,115.1609762,osm_only,n/a,0,,False,,exact
osm-6440578885,Ombac,,-8.6071798,115.0861672,osm_only,n/a,0,,False,,exact
osm-6444288785,Gentari Homestay,,-8.6776021,115.5412168,osm_only,n/a,0,,False,,exact
osm-6450002291,Arnaya Homestay,,-8.7299771,115.169372,osm_only,n/a,0,,False,,exact
osm-6451134585,Caldera,,-8.2791389,115.3673639,osm_only,n/a,0,,False,,exact
osm-6460723861,Belmond Jimbaran Puri,,-8.7727905,115.1688023,osm_only,n/a,0,,False,,exact
osm-6474154285,Seminyak accomodation,,-8.6893816,115.1587337,osm_only,n/a,0,,False,,exact
osm-6475523585,Santen Beach Bungalows,,-8.6734809,115.4913787,osm_only,n/a,0,,False,,exact
osm-6480708886,Milla Homestay,,-8.469518,115.4434764,osm_only,n/a,0,,False,,exact
osm-6509989570,Uluwatu Lumbung,,-8.817343,115.121959,osm_only,n/a,0,,False,,exact
osm-6510680007,The Bali Dream Villa Seminyak,Badung,-8.6830251,115.1707356,osm_only,n/a,0,,False,,exact
osm-6512096213,The Open House Bali,Jimbaran,-8.7699809,115.1701315,osm_only,n/a,0,,False,,exact
osm-6514096598,Villa Manouria - Marcel,,-8.532522,115.5052065,osm_only,n/a,0,,False,,exact
osm-6514721085,Paradise Bungalows Bali,,-8.3603511,115.6980329,osm_only,n/a,0,,False,,exact
osm-6515987585,Sejuk Beach Villa,,-8.6451517,115.1107116,osm_only,n/a,0,,False,,exact
osm-6518126285,Lili house Ubud,,-8.5214469,115.2646702,osm_only,n/a,0,,False,,exact
osm-6530720606,Sun Island Suites & Spa Goa Gong,"Badung, Bali",-8.8073082,115.1788771,osm_only,n/a,0,,False,,exact
osm-6530740490,Sun Island Boutique Villas & Spa Seminyak,"Seminyak, Kuta, Bali",-8.6959012,115.1682829,osm_only,n/a,0,,False,,exact
osm-6531947885,Ulu Bali Homestay,,-8.804453,115.1553543,osm_only,n/a,0,,False,,exact
osm-6532179387,Genitri Homestay,,-8.2671027,115.0546413,osm_only,n/a,0,,False,,exact
osm-6537171885,Regent Bali Canggu,Badung,-8.6557882,115.1294053,osm_only,n/a,0,,False,,exact
osm-6543855685,Tunjung Kuning Creative Villas,,-8.697012,115.4768448,osm_only,n/a,0,,False,,exact
osm-6544107786,BoHo Bingin Beach,,-8.8088229,115.1139003,osm_only,n/a,0,,False,,exact
osm-6546680886,The Alus Cottages,,-8.4729029,115.2636239,osm_only,n/a,0,,False,,exact
osm-6548891786,Woodstock In The Village,,-8.1324654,115.1006246,osm_only,n/a,0,,False,,exact
osm-6550721285,Amed Sari beach guesthouse,,-8.334475,115.6447198,osm_only,n/a,0,,False,,exact
osm-6559981440,Kubu Kumpy,,-8.6932025,115.2559899,osm_only,n/a,0,,False,,exact
osm-6563057485,Amed Sari,,-8.3344814,115.6447314,osm_only,n/a,0,,False,,exact
osm-6564740886,Green Sala Villa,,-8.509991,115.2819523,osm_only,n/a,0,,False,,exact
osm-6565463586,Signature Hotel Bali,,-8.6767546,115.1685927,osm_only,n/a,0,,False,,exact
osm-6573286285,The suboya bamboo house,,-8.4276017,115.4590273,osm_only,n/a,0,,False,,exact
osm-6594739886,Lumbung Sari Beach Inn,,-8.7039438,115.1686984,osm_only,n/a,0,,False,,exact
osm-6594751785,Villa Rumah Bakti Ubud,,-8.5273004,115.286521,osm_only,n/a,0,,False,,exact
osm-6598841185,Lembongan Bagus Villas,,-8.6769723,115.4503465,osm_only,n/a,0,,False,,exact
osm-6611730091,Serela,,-8.7095257,115.1699747,osm_only,n/a,0,,False,,exact
osm-6612363985,Barong Cafe & Bungalow & Restaurant,,-8.347681,115.6785688,osm_only,n/a,0,,False,,exact
osm-6627739387,Kubu Soca Villas,,-8.5272712,115.2686071,osm_only,n/a,0,,False,,exact
osm-6627762985,Pancali Cottages,,-8.6892403,115.4321439,osm_only,n/a,0,,False,,exact
osm-6631198585,Sankara Resorts,,-8.5362223,115.2661458,osm_only,n/a,0,,False,,exact
osm-6649047185,Suarapura resort and Spa,,-8.3977708,115.2971095,osm_only,n/a,0,,False,,exact
osm-6649066285,Conrad suites,,-8.7789129,115.2244766,osm_only,n/a,0,,False,,exact
osm-6649270485,Wangsa,,-8.7811266,115.2241777,osm_only,n/a,0,,False,,exact
osm-6649527185,Pita-mata villas,,-8.6861423,115.5781072,osm_only,n/a,0,,False,,exact
osm-6658105889,The Runik Ubud,,-8.5067386,115.2579001,osm_only,n/a,0,,False,,exact
osm-6658105890,Suarsena Villa,,-8.5065916,115.2569961,osm_only,n/a,0,,False,,exact
osm-6694953158,Lumbung Bali Huts,,-8.6830239,115.4325178,osm_only,n/a,0,,False,,exact
osm-6704967515,Puri Cantik Bungalow,,-8.5067757,115.2586304,osm_only,n/a,0,,False,,exact
osm-6704967522,Sama's Cottages,,-8.5071572,115.2591746,osm_only,n/a,0,,False,,exact
osm-6705226434,Hibiscus Cottages,,-8.5076937,115.2577989,osm_only,n/a,0,,False,,exact
osm-6705226456,Villa Campung Mas,,-8.5072722,115.257018,osm_only,n/a,0,,False,,exact
osm-6705226484,Honeymoon Guesthouse 2,Ubud,-8.5072133,115.258961,osm_only,n/a,0,,False,,exact
osm-6709017098,Puri Saraswati Bungalows,,-8.5061663,115.2610371,osm_only,n/a,0,,False,,exact
osm-6713672986,Bening Bungalows,,-8.5207867,115.263623,osm_only,n/a,0,,False,,exact
osm-6715453523,Ubud Terrace Bungalows,,-8.5156356,115.2601534,osm_only,n/a,0,,False,,exact
osm-6715453528,Puri Padi,"Ubud, Kabupaten Gianyar, Bali, Indonesia",-8.5191666,115.2634633,osm_only,n/a,0,,False,,exact
osm-6715830477,Warsi Bungalows,,-8.5103292,115.2611497,osm_only,n/a,0,,False,,exact
osm-6717738347,Tanahlot,,-8.6179927,115.0869432,osm_only,n/a,0,,False,,exact
osm-6720131885,Dharma living Ubud,,-8.4796387,115.2490008,osm_only,n/a,0,,False,,exact
osm-6720230922,Kamandalu,,-8.4957313,115.2760401,osm_only,n/a,0,,False,,exact
osm-6720463909,Sarinubud Suites,,-8.5180364,115.2613379,osm_only,n/a,0,,False,,exact
osm-6720615177,Pondok Pundi,,-8.5151545,115.2602647,osm_only,n/a,0,,False,,exact
osm-6720615179,Ubud Inn Cottages,,-8.5157116,115.2603354,osm_only,n/a,0,,False,,exact
osm-6720656486,Fibra Inn Bungalows,,-8.515559,115.2603574,osm_only,n/a,0,,False,,exact
osm-6720656493,Dewi Ayu,,-8.5153847,115.2602121,osm_only,n/a,0,,False,,exact
osm-6720656500,Ubud Permai Bungalow,,-8.5174793,115.2595281,osm_only,n/a,0,,False,,exact
osm-6720656501,Rahayu Suites,,-8.5140232,115.2601215,osm_only,n/a,0,,False,,exact
osm-6720656503,Ubud Village Inn,,-8.5122102,115.2608867,osm_only,n/a,0,,False,,exact
osm-6720656505,Yulia Inn,,-8.513595,115.2608136,osm_only,n/a,0,,False,,exact
osm-6720667639,Ubud Kerta City Hotel,,-8.5110867,115.2610104,osm_only,n/a,0,,False,,exact
osm-6720667642,Agung Trisna Bungalows,,-8.5119231,115.2609076,osm_only,n/a,0,,False,,exact
osm-6722162494,"Sthala, a Tribute Portfolio Hotel, Ubud Bali",Ubud,-8.5724004,115.2599496,osm_only,n/a,0,,False,,exact
osm-6723744185,Taman menjangan homestay,,-8.1435714,114.5793475,osm_only,n/a,0,,False,,exact
osm-6727100268,Ashoka Tree Resort,,-8.4620962,115.24897,osm_only,n/a,0,,False,,exact
osm-6728830785,The Raja Singha Boutique Resort Bali,,-8.1885905,114.9965937,osm_only,n/a,0,,False,,exact
osm-6735636586,Plataran hotel resort,,-8.1326868,114.5527611,osm_only,n/a,0,,False,,exact
osm-6744476320,BeingSattvaa Retreat,,-8.4752048,115.282282,osm_only,n/a,0,,False,,exact
osm-6744484053,Kashantee Village,,-8.6738768,115.1480865,osm_only,n/a,0,,False,,exact
osm-6745478015,Frangipani Beach Hotel,,-8.1547347,115.0285679,osm_only,n/a,0,,False,,exact
osm-6745557518,Rama Phala Resort & Spa,,-8.5199057,115.2634351,osm_only,n/a,0,,False,,exact
osm-6766252055,Hotel Metta Agara,Kerobokan,-8.6734155,115.1737669,osm_only,n/a,0,,False,,exact
osm-6766279934,Maharaja Villas,Kerobokan,-8.6676335,115.1704895,osm_only,n/a,0,,False,,exact
osm-6773771717,Sun Suko Boutique Retreat,,-8.1522494,114.6529911,osm_only,n/a,0,,False,,exact
osm-6780116488,Villa Ledang,,-8.7573343,115.1737064,osm_only,n/a,0,,False,,exact
osm-6782818686,Karam Ubud,,-8.5466655,115.2689612,osm_only,n/a,0,,False,,exact
osm-6785106285,Sentulan Garden,,-8.7466107,115.4912391,osm_only,n/a,0,,False,,exact
osm-6787247485,Buana Bali Villas & Spa,,-8.8057292,115.1498475,osm_only,n/a,0,,False,,exact
osm-6795289924,Inada Losmen,,-8.6922679,115.1671902,osm_only,n/a,0,,False,,exact
osm-6800910685,Soka Homestay,,-8.6849367,115.4356657,osm_only,n/a,0,,False,,exact
osm-6875740085,Brits Resort Lovina Bali,,-8.1485255,115.0440639,osm_only,n/a,0,,False,,exact
osm-6877049253,Tirta Ayu Hotel,,-8.4117127,115.586621,osm_only,n/a,0,,False,,exact
osm-6902081485,Penida Bintang Resort,,-8.7079607,115.4764749,osm_only,n/a,0,,False,,exact
osm-6908358585,Kamasan hotel here,,-8.6905322,115.4887789,osm_only,n/a,0,,False,,exact
osm-6923920628,Bali Spirit Hotel,,-8.5281032,115.2557775,osm_only,n/a,0,,False,,exact
osm-6979990219,Di Alian Resort,,-8.3503317,115.6816023,osm_only,n/a,0,,False,,exact
osm-6979990220,Sukun Babonsay villas,,-8.3484009,115.6802696,osm_only,n/a,0,,False,,exact
osm-6979990221,Life in Amed Beach Hotel,,-8.3552448,115.6887067,osm_only,n/a,0,,False,,exact
osm-6979990229,Bintang Beach Villas,,-8.3489339,115.6807586,osm_only,n/a,0,,False,,exact
osm-6979990230,Sahera hotel,,-8.3453101,115.6709681,osm_only,n/a,0,,False,,exact
osm-6979990232,"Onlyou, Coral Garden Villas",,-8.3472078,115.6796968,osm_only,n/a,0,,False,,exact
osm-6979990233,Apa Kabar Villas,,-8.3428702,115.6690166,osm_only,n/a,0,,False,,exact
osm-6979990236,Bali Bhuana Villas,,-8.3474631,115.6782148,osm_only,n/a,0,,False,,exact
osm-6979990241,Arya Amed Beach Resort,,-8.3454175,115.6720494,osm_only,n/a,0,,False,,exact
osm-6979990242,Anda Amed resort,,-8.3456569,115.6759323,osm_only,n/a,0,,False,,exact
osm-6983753108,Dika Home Stay,,-8.4693084,115.4431394,osm_only,n/a,0,,False,,exact
osm-7005551233,Klumpu Villa and restaurant,,-8.7203744,115.525956,osm_only,n/a,0,,False,,exact
osm-7019519385,Villa Windu Sari,,-8.6779853,115.1576822,osm_only,n/a,0,,False,,exact
osm-7020881662,Hotel Hadi Poetra,,-8.7280822,115.176872,osm_only,n/a,0,,False,,exact
osm-7020887566,Green Garden,,-8.7315536,115.1673556,osm_only,n/a,0,,False,,exact
osm-7020890932,Taman Sari Cottage II,,-8.7321219,115.169313,osm_only,n/a,0,,False,,exact
osm-7020903003,Shri Aryma Beach resort,,-8.7369599,115.1648629,osm_only,n/a,0,,False,,exact
osm-7020905722,Sekara Sari Inn,,-8.7375078,115.1681314,osm_only,n/a,0,,False,,exact
osm-7020910495,Grandmas hotel,,-8.7294933,115.1769595,osm_only,n/a,0,,False,,exact
osm-7020910496,Le Spazzio,,-8.7080662,115.1784782,osm_only,n/a,0,,False,,exact
osm-7020925789,Ma Joly,,-8.7339044,115.1643046,osm_only,n/a,0,,False,,exact
osm-7020944821,Hotel Miki,,-8.7057376,115.1775332,osm_only,n/a,0,,False,,exact
osm-7020945182,Kuta Royal,,-8.7324524,115.1713658,osm_only,n/a,0,,False,,exact
osm-7020946271,Kuta Beach Club hotel & club,,-8.7248237,115.1722137,osm_only,n/a,0,,False,,exact
osm-7021821995,Four Seasons residence villas,,-8.782269,115.1634909,osm_only,n/a,0,,False,,exact
osm-7021841712,Balangan Inn,,-8.8061599,115.1406091,osm_only,n/a,0,,False,,exact
osm-7021842177,Balangan Cottages,,-8.8034603,115.1318321,osm_only,n/a,0,,False,,exact
osm-7021843654,Kupu Kupu Jimbaran,,-8.7833583,115.1661116,osm_only,n/a,0,,False,,exact
osm-7021847973,Sundara,,-8.782933,115.1613826,osm_only,n/a,0,,False,,exact
osm-7021849564,Pat-Mase,,-8.7894535,115.1559674,osm_only,n/a,0,,False,,exact
osm-7021852906,Four Seasons Resort,,-8.7845502,115.1591168,osm_only,n/a,0,,False,,exact
osm-7031777185,Nyoman guest house & warung,,-8.6698432,115.4501043,osm_only,n/a,0,,False,,exact
osm-7035327985,Mega Cottage,,-8.6704296,115.4478962,osm_only,n/a,0,,False,,exact
osm-7040170185,Vista Huts,,-8.6694931,115.4497885,osm_only,n/a,0,,False,,exact
osm-7048120785,Villa Indigo,,-8.8088614,115.1164809,osm_only,n/a,0,,False,,exact
osm-7057378185,Tara Hotel,,-8.0793935,115.2218656,osm_only,n/a,0,,False,,exact
osm-7058054537,Segara Hotel,,-8.2780864,115.3791336,osm_only,n/a,0,,False,,exact
osm-7058054701,Amed Dream,,-8.3620335,115.6990145,osm_only,n/a,0,,False,,exact
osm-7074223487,Amnaya Resort Benoa,,-8.7706817,115.2221242,osm_only,n/a,0,,False,,exact
osm-7082257351,Wonder-Land Villa,,-8.5111536,115.2605912,osm_only,n/a,0,,False,,exact
osm-7085052885,Villa Dewi Sri,,-8.5067364,115.2522649,osm_only,n/a,0,,False,,exact
osm-7088197885,Villa Banjar Beach,Banjar,-8.1829792,114.9632268,osm_only,n/a,0,,False,,exact
osm-7093955885,Pom Pom,,-8.6682657,115.1445133,osm_only,n/a,0,,False,,exact
osm-7096883685,Jinah Villas Pecatu,,-8.8283455,115.1206156,osm_only,n/a,0,,False,,exact
osm-7099069384,Sanur Lodge,Denpasar,-8.7045712,115.2504234,osm_only,n/a,0,,False,,exact
osm-7113361185,KiBata Lembongan Boutique Hotel,,-8.6814316,115.4481091,osm_only,n/a,0,,False,,exact
osm-7129298185,OYO 1892,,-8.6180502,115.1493555,osm_only,n/a,0,,False,,exact
osm-7146826534,Villa Mathis,,-8.6618056,115.1522183,osm_only,n/a,0,,False,,exact
osm-7153877385,The spare room,,-8.6493758,115.132585,osm_only,n/a,0,,False,,exact
osm-7162121331,Onje Resort and Villas,gianyar,-8.4819962,115.2855048,osm_only,n/a,0,,False,,exact
osm-7173902585,Pink Barrel Bali,,-8.4131477,114.8111485,osm_only,n/a,0,,False,,exact
osm-7187095187,Volcano Hostel,,-8.2261727,115.4007079,osm_only,n/a,0,,False,,exact
osm-7192371385,Bed Box Bali,,-8.7113416,115.1796152,osm_only,n/a,0,,False,,exact
osm-7202393891,Lovina Life,,-8.1630848,115.0243678,osm_only,n/a,0,,False,,exact
osm-7210797659,Wayan Homestay,,-8.6843929,115.2614365,osm_only,n/a,0,,False,,exact
osm-7235933028,Uma Sari Ubud Villas,,-8.5292744,115.2719169,osm_only,n/a,0,,False,,exact
osm-7236519485,OYO 2270 Hotel Taman Wirama,,-8.6252051,115.1998147,osm_only,n/a,0,,False,,exact
osm-7238422213,Batur Panorama,,-8.2189435,115.3921304,osm_only,n/a,0,,False,,exact
osm-7239442385,Swahita,,-8.5052232,115.2680421,osm_only,n/a,0,,False,,exact
osm-7242485796,Dikubu Belong Villa,,-8.6931668,115.1728617,osm_only,n/a,0,,False,,exact
osm-7245503285,Kebun Indah,,-8.521445,115.2631527,osm_only,n/a,0,,False,,exact
osm-7251403487,Dedary Kriyamaha,,-8.4580275,115.2853193,osm_only,n/a,0,,False,,exact
osm-7252727785,Binaria Museum Hotel,,-8.1618583,115.0251512,osm_only,n/a,0,,False,,exact
osm-7254642285,Ocean Sun Dive Resort Tulamben,,-8.2784199,115.5932349,osm_only,n/a,0,,False,,exact
osm-7256994886,Pita Maha,,-8.4963093,115.2535564,osm_only,n/a,0,,False,,exact
osm-7270976085,Nadya Homestay,,-8.2673683,115.0558274,osm_only,n/a,0,,False,,exact
osm-7273656586,Ubud18,,-8.5055457,115.2655814,osm_only,n/a,0,,False,,exact
osm-7273657986,Swatantra Villa / Liberty Villa,,-8.6787738,115.1764305,osm_only,n/a,0,,False,,exact
osm-7304865485,Happy Penida Hostel (good location),,-8.6806096,115.4889547,osm_only,n/a,0,,False,,exact
osm-7428774485,Dreamland View,,-8.8039194,115.1191258,osm_only,n/a,0,,False,,exact
osm-7436624885,Le Chien Rouge,,-8.1595849,115.0292582,osm_only,n/a,0,,False,,exact
osm-7660983301,Fairfield by Marriott Bali Kuta Sunset Road,Badung,-8.7154527,115.1843146,osm_only,n/a,0,,False,,exact
osm-7661112018,Aloft by Marriott Bali Seminyak,Seminyak,-8.6728484,115.1473875,osm_only,n/a,0,,False,,exact
osm-7661145162,Element by Westin Bali Ubud,Ubud,-8.4964974,115.2723873,osm_only,n/a,0,,False,,exact
osm-7661206930,Renaissance Bali Uluwatu Resort & Spa,Ungasan,-8.8129776,115.1448834,osm_only,n/a,0,,False,,exact
osm-7661559708,"Mandapa, a Ritz-Carlton Reserve",Ubud,-8.4857637,115.2438901,osm_only,n/a,0,,False,,exact
osm-7846892812,Villa Mutiara,,-8.6808847,115.4410534,osm_only,n/a,0,,False,,exact
osm-8204018517,Kubu Nyang Nyang,,-8.8285711,115.0879268,osm_only,n/a,0,,False,,exact
osm-8264206351,La Joya Biu Biu,,-8.7910594,115.1294339,osm_only,n/a,0,,False,,exact
osm-8281434331,Puri Kelapa Guest House,,-8.8224735,115.0893913,osm_only,n/a,0,,False,,exact
osm-8281505457,Sunset Oasis Villa,,-8.803997,115.1188556,osm_only,n/a,0,,False,,exact
osm-8292456101,Sweet Orange Pondok,Ubud,-8.5006024,115.2601004,osm_only,n/a,0,,False,,exact
osm-8294254290,Kembali Beach Bungalows,,-8.3349145,115.6546634,osm_only,n/a,0,,False,,exact
osm-8396584212,Viceroy Bali,Ubud,-8.4940317,115.2774493,osm_only,n/a,0,,False,,exact
osm-8417163318,Villa Hitu,,-8.6946578,115.1716796,osm_only,n/a,0,,False,,exact
osm-8494183579,Safin Inn Harmony Seminyak,,-8.682512,115.1664993,osm_only,n/a,0,,False,,exact
osm-8504204553,Kumpul Kumpul Villa Seminyak,,-8.6955716,115.1690561,osm_only,n/a,0,,False,,exact
osm-8690784217,Sunrise Suite Seminyak,,-8.6714004,115.1783164,osm_only,n/a,0,,False,,exact
osm-8835095968,The Santai,,-8.6514688,115.157182,osm_only,n/a,0,,False,,exact
osm-8920432857,Ubud Valley Boutique Resort,,-8.497641,115.3058555,osm_only,n/a,0,,False,,exact
osm-9082335525,Wawa Wewe II Villas,,-8.3464233,115.6784121,osm_only,n/a,0,,False,,exact
osm-9246968747,Aloft Bali Kuta,Kuta,-8.7156947,115.1696732,osm_only,n/a,0,,False,,exact
osm-9384814417,Citadines Berawa Beach Bali,,-8.6617411,115.1366111,osm_only,n/a,0,,False,,exact
osm-9387396935,Jade Villas,,-8.7067861,115.258833,osm_only,n/a,0,,False,,exact
osm-9396280317,Bali Diversity Dive eco-resort,,-8.3450826,115.6711943,osm_only,n/a,0,,False,,exact
osm-9465415861,Grand Palace Sanur,,-8.6876973,115.2588469,osm_only,n/a,0,,False,,exact
osm-9696673017,Kamil Villas,,-8.6861503,115.1623,osm_only,n/a,0,,False,,exact
osm-9756883306,Lotus Bali,,-8.6381498,115.1529752,osm_only,n/a,0,,False,,exact
osm-9763138879,Padi Ballet Villa,,-8.5075583,115.2834687,osm_only,n/a,0,,False,,exact
osm-9763214325,Eden Estate Ubud,,-8.506794,115.2866,osm_only,n/a,0,,False,,exact
osm-9763217344,The Bagus,,-8.633756,115.1795085,osm_only,n/a,0,,False,,exact
osm-9763424051,Aksata Villas Canggu,,-8.6399806,115.1443454,osm_only,n/a,0,,False,,exact
osm-9763433365,The Lebak Canggu,,-8.6365901,115.1452617,osm_only,n/a,0,,False,,exact
osm-9763519070,Adiwana Suweta Ubud,,-8.4885236,115.2648812,osm_only,n/a,0,,False,,exact
osm-9763548677,Manah Shanti Resort Ubud,,-8.488585,115.2643748,osm_only,n/a,0,,False,,exact
osm-9763572877,Atta Mesari Villa,,-8.4920834,115.2653352,osm_only,n/a,0,,False,,exact
osm-9763929489,Belle Astina Villas,,-8.6506025,115.1488535,osm_only,n/a,0,,False,,exact
osm-9763941312,Wyndham Tamansari Jivva Resort,,-8.5725251,115.3838022,osm_only,n/a,0,,False,,exact
osm-9763971344,Hube Roomstay,,-8.6831458,115.219801,osm_only,n/a,0,,False,,exact
osm-9764038139,Scala Bed & Beyond,,-8.646227,115.1601381,osm_only,n/a,0,,False,,exact
osm-9764335714,Rumah Pancing Guest House,,-8.6370053,115.2216997,osm_only,n/a,0,,False,,exact
osm-9764482355,Big Bamboo Villas,,-8.7041161,115.2331738,osm_only,n/a,0,,False,,exact
osm-9764554149,Homestay Nakula Sadewa Dangin Puri Klod,,-8.6584013,115.2280655,osm_only,n/a,0,,False,,exact
osm-9764555812,Sicla House,,-8.6612096,115.2292079,osm_only,n/a,0,,False,,exact
osm-9767530139,Nirjhara,,-8.6031824,115.0883283,osm_only,n/a,0,,False,,exact
osm-9767737840,Bali Bustle Co - Living Apartment And Residence Legian,,-8.7025369,115.1776832,osm_only,n/a,0,,False,,exact
osm-9768301348,The Aveda Boutique Hotel,,-8.6719379,115.1625595,osm_only,n/a,0,,False,,exact
osm-9768304346,NIKHILA SEMINYAK,,-8.6745346,115.1559344,osm_only,n/a,0,,False,,exact
osm-9768304763,"FuramaXclusive Resort & Villas, Ubud Bali",,-8.5430429,115.2308795,osm_only,n/a,0,,False,,exact
osm-9768560860,Arama Riverside Villas,,-8.7016092,115.1718568,osm_only,n/a,0,,False,,exact
osm-9768576059,De Bale Residence,,-8.7038013,115.174321,osm_only,n/a,0,,False,,exact
osm-9768596517,Sunrise Penida Hill,,-8.6873976,115.4826921,osm_only,n/a,0,,False,,exact
osm-9768623131,OYO 2234 Dewi Uma House,,-8.7004272,115.1988538,osm_only,n/a,0,,False,,exact
osm-9768676050,G Sign Style Hotel,,-8.7408634,115.1784512,osm_only,n/a,0,,False,,exact
osm-9768818988,Kiritabina Homestay,,-8.7030076,115.2240584,osm_only,n/a,0,,False,,exact
osm-9768910806,Ginanta Homestay,,-8.6848722,115.1804119,osm_only,n/a,0,,False,,exact
osm-9769101177,Samaja Villas Kunti,"Seminyak, Kuta, Kabupaten Badung, Bali, Indonesia",-8.6886979,115.1733415,osm_only,n/a,0,,False,,exact
osm-9769685075,The Calmtree Bungalows,,-8.6523795,115.1340473,osm_only,n/a,0,,False,,exact
osm-9769685081,The Alena Resort,,-8.5579558,115.2669172,osm_only,n/a,0,,False,,exact
osm-9772552335,The Ahimsa,,-8.6892515,115.1712064,osm_only,n/a,0,,False,,exact
osm-9773173649,Donganan Bech Villa,,-8.7660903,115.1713774,osm_only,n/a,0,,False,,exact
osm-9773200972,Bali Jepun Guest House Sesetan,,-8.6944505,115.2216587,osm_only,n/a,0,,False,,exact
osm-9773205580,Pondok Sakura,,-8.6914248,115.2150149,osm_only,n/a,0,,False,,exact
osm-9774210890,Oxo Townhouses Umalas,,-8.6650205,115.159215,osm_only,n/a,0,,False,,exact
osm-9774227632,Amara Villa Umalas Kerobokan Kelod,,-8.6657135,115.1598347,osm_only,n/a,0,,False,,exact
osm-9774264024,Asana Umalas,,-8.6667963,115.162705,osm_only,n/a,0,,False,,exact
osm-9774343489,Liberty Villa Padangsambian Kelod,,-8.6788765,115.1763391,osm_only,n/a,0,,False,,exact
osm-9776632720,OYO 1670 Likko Inn Dangin Puri Kangin,,-8.6480418,115.222876,osm_only,n/a,0,,False,,exact
osm-9778735917,Villa Jempana,,-8.2311582,115.4105557,osm_only,n/a,0,,False,,exact
osm-9779120808,Samsara Inn,,-8.7209687,115.1756879,osm_only,n/a,0,,False,,exact
osm-9779155508,Sand Beach Luxury Living,,-8.6666839,115.1703308,osm_only,n/a,0,,False,,exact
osm-9779236337,Holliday Villa Bali,,-8.7030328,115.1728087,osm_only,n/a,0,,False,,exact
osm-9779253528,Pondok Alit 48,,-8.6658279,115.2020598,osm_only,n/a,0,,False,,exact
osm-9780730353,Kuta Mulia Apartments,,-8.7180807,115.1791151,osm_only,n/a,0,,False,,exact
osm-9780816438,La Walon,,-8.7208857,115.1726942,osm_only,n/a,0,,False,,exact
osm-9781116885,Fox Hotel Jimbaran Beach,,-8.7726397,115.1709238,osm_only,n/a,0,,False,,exact
osm-9781228479,Daun Bali Seminyak Hotel Petitenget,,-8.6720757,115.163508,osm_only,n/a,0,,False,,exact
osm-9781274410,Destiny Villas,,-8.6728896,115.1648378,osm_only,n/a,0,,False,,exact
osm-9784515717,Lembongan Summer House,,-8.667021,115.4508772,osm_only,n/a,0,,False,,exact
osm-9784783250,Deluxe Kamboja Villa,,-8.6978365,115.1676715,osm_only,n/a,0,,False,,exact
osm-9785232655,Villa Amaya,,-8.6960429,115.1656165,osm_only,n/a,0,,False,,exact
osm-9785296389,Sunrise Residence Bali,,-8.6714865,115.212688,osm_only,n/a,0,,False,,exact
osm-9785910564,AQ VA Hotel &Villas,,-8.7005992,115.1690015,osm_only,n/a,0,,False,,exact
osm-9787093992,Astana Swaha Villa,,-8.4764034,115.4478661,osm_only,n/a,0,,False,,exact
osm-9789663075,Impiana Private Villas,,-8.6940263,115.1681819,osm_only,n/a,0,,False,,exact
osm-9789675587,Villa Suzuki Seminyak,,-8.6917872,115.1693759,osm_only,n/a,0,,False,,exact
osm-9789755785,Villa Gemini,,-8.6534795,115.1604018,osm_only,n/a,0,,False,,exact
osm-9789762991,Umalas Suites Bali Villa,,-8.6534846,115.1609507,osm_only,n/a,0,,False,,exact
osm-9789790308,Bali Merita Villa Kerobokan,,-8.6549607,115.158882,osm_only,n/a,0,,False,,exact
osm-9789861597,Jays Villa Umalas,,-8.6542125,115.1589692,osm_only,n/a,0,,False,,exact
osm-9789862990,Arella House,,-8.6571004,115.1623363,osm_only,n/a,0,,False,,exact
osm-9789872407,Dhita kubu,,-8.6568559,115.1664564,osm_only,n/a,0,,False,,exact
osm-9789936370,The Alia Buana Residance,,-8.6718916,115.189228,osm_only,n/a,0,,False,,exact
osm-9789953494,Sol Lila Bali,,-8.6647797,115.1560048,osm_only,n/a,0,,False,,exact
osm-9789953495,Kubu Cenik Kerobokan Kelod,,-8.6642316,115.1522315,osm_only,n/a,0,,False,,exact
osm-9789962499,Aiza Bali Collection,,-8.673038,115.1872634,osm_only,n/a,0,,False,,exact
osm-9790303990,Villa Body,,-8.6648128,115.1479059,osm_only,n/a,0,,False,,exact
osm-9790389708,Sing Sing Hotel,,-8.6790724,115.1898803,osm_only,n/a,0,,False,,exact
osm-9790394507,Casa Lotus Residence Pemecutan Klod,,-8.7032852,115.1848506,osm_only,n/a,0,,False,,exact
osm-9791794273,Puri Metro,,-8.6584906,115.2437138,osm_only,n/a,0,,False,,exact
osm-9791804863,Premisol Homestay 88 Tegal Harum,,-8.6781793,115.1915571,osm_only,n/a,0,,False,,exact
osm-9794319717,Kelingking Mesari villa,,-8.7494258,115.4772049,osm_only,n/a,0,,False,,exact
osm-9797617798,Joglo Villa Bali,,-8.6379574,115.2259565,osm_only,n/a,0,,False,,exact
osm-9797621230,L'Mawar Residence,,-8.6618311,115.2354449,osm_only,n/a,0,,False,,exact
osm-9797640969,Puririvena Homestay Kos Exclusive In Bali,,-8.678095,115.2335798,osm_only,n/a,0,,False,,exact
osm-9797665177,Vin Stay Petanu Sidakarya,,-8.6941805,115.2274007,osm_only,n/a,0,,False,,exact
osm-9797668418,Pondok Valia,,-8.6943284,115.2274125,osm_only,n/a,0,,False,,exact
osm-9797919165,Jas Boutique Villas Seminyak,,-8.6962655,115.1701337,osm_only,n/a,0,,False,,exact
osm-9797933474,Apple Villa seminyak,,-8.6750373,115.1670261,osm_only,n/a,0,,False,,exact
osm-9797954268,Sasa Bali Villas,,-8.6779428,115.1688121,osm_only,n/a,0,,False,,exact
osm-9797979479,Rayan Villas Seminyak,,-8.6973188,115.1730232,osm_only,n/a,0,,False,,exact
osm-9798064203,Pelasa Hotel,,-8.709531,115.173967,osm_only,n/a,0,,False,,exact
osm-9798142377,Villa Mangga,,-8.6776479,115.1669562,osm_only,n/a,0,,False,,exact
osm-9798152493,Paras Residence,,-8.6709835,115.2270868,osm_only,n/a,0,,False,,exact
osm-9798227831,Micos't,,-8.6839533,115.2425188,osm_only,n/a,0,,False,,exact
osm-9798908829,Villa Louprana,,-8.6798286,115.1685589,osm_only,n/a,0,,False,,exact
osm-9798913491,Daria Villa,,-8.6812047,115.1666889,osm_only,n/a,0,,False,,exact
osm-9800716627,9 Tamarind Kost,,-8.7514089,115.1790832,osm_only,n/a,0,,False,,exact
osm-9800871701,Bale Villages Canggu,,-8.6501359,115.1660454,osm_only,n/a,0,,False,,exact
osm-9800972039,Cahaya Kost,,-8.661955,115.2336185,osm_only,n/a,0,,False,,exact
osm-9801410469,Pondok Batur,,-8.696106,115.2331808,osm_only,n/a,0,,False,,exact
osm-9801410470,Lumen Vitae Homestay,,-8.6938546,115.232795,osm_only,n/a,0,,False,,exact
osm-9802908268,Pinang Mas Garden,,-8.6820678,115.1987486,osm_only,n/a,0,,False,,exact
osm-9803107553,Airy Kuta Kubu Anyar 40 Bali,,-8.7327757,115.1702132,osm_only,n/a,0,,False,,exact
osm-9803198628,YELLO Hotel Kuta Beachwalk,"Kuta, Badung, Bali",-8.715714,115.1693958,osm_only,n/a,0,,False,,exact
osm-9805263280,The Nine Residence Dauh Puri Klod,,-8.6763502,115.2098446,osm_only,n/a,0,,False,,exact
osm-9807704020,Puri Dibia,,-8.7262971,115.1768524,osm_only,n/a,0,,False,,exact
osm-9807732131,Legong House 2,,-8.7249015,115.1754981,osm_only,n/a,0,,False,,exact
osm-9813434858,The Sunset Point Hotel,,-8.6824562,115.1663973,osm_only,n/a,0,,False,,exact
osm-9813466967,Alysha Villa Seminyak,,-8.6897444,115.1588015,osm_only,n/a,0,,False,,exact
osm-9813473765,Villa White Pearl,,-8.6724995,115.1601463,osm_only,n/a,0,,False,,exact
osm-9861893917,CG Villa,,-8.6559567,115.1521971,osm_only,n/a,0,,False,,exact
osm-9875900241,Santi Mandala Villa & Spa,Sukawati,-8.5855265,115.2639173,osm_only,n/a,0,,False,,exact
osm-9882020918,Kelapa Lovina Beach Villas,,-8.1297966,115.059379,osm_only,n/a,0,,False,,exact
osm-9887474712,Ocean Beach Boutique Resort,,-8.3314996,115.6381736,osm_only,n/a,0,,False,,exact
osm-9887484452,Banksia Amed,Purwakerti,-8.3339992,115.6333438,osm_only,n/a,0,,False,,exact
osm-9889390917,Sarong guest house,,-8.5087158,115.2631515,osm_only,n/a,0,,False,,exact
osm-9890018701,Pondok Tirta Homestay,,-8.3333997,115.6347541,osm_only,n/a,0,,False,,exact
osm-9890021164,Arya Taksu Sempana Homestay,,-8.3350341,115.6317642,osm_only,n/a,0,,False,,exact
osm-9891949673,VillaMelastiAmed,,-8.3325807,115.6361765,osm_only,n/a,0,,False,,exact
osm-9897533818,Sakti ocean wiev,,-8.7043993,115.4669061,osm_only,n/a,0,,False,,exact
osm-9900253194,Salt Resort & Spa,,-8.3333855,115.6407654,osm_only,n/a,0,,False,,exact
osm-9909404017,Sebuluh sunset hills,,-8.7509965,115.495237,osm_only,n/a,0,,False,,exact
osm-9916838353,Kima Surf Camp Seminyak Villa Deluxe,,-8.686723,115.1645458,osm_only,n/a,0,,False,,exact
osm-9920446917,BaliGreen Resort,,-8.4603984,115.0571744,osm_only,n/a,0,,False,,exact
osm-9931209778,Villa Beyond Infinity,,-8.6809552,115.1689587,osm_only,n/a,0,,False,,exact
osm-9938337831,Juada Garden Seminyak,,-8.6963149,115.1684214,osm_only,n/a,0,,False,,exact
osm-9941867197,Villa Monaco,,-8.6823797,115.1628334,osm_only,n/a,0,,False,,exact
osm-9941873668,Bali Bidadari Villas,,-8.6822898,115.1685406,osm_only,n/a,0,,False,,exact
osm-9948578217,Kanva Village Hotel,,-8.6758838,115.1549237,osm_only,n/a,0,,False,,exact
osm-9956036302,Yuuby Villa,,-8.6843237,115.1647135,osm_only,n/a,0,,False,,exact
osm-9961357493,Ministry Of Villas,,-8.688154,115.1581776,osm_only,n/a,0,,False,,exact
osm-9961734429,Anshel Hotel,,-8.6887683,115.1586187,osm_only,n/a,0,,False,,exact
osm-9963785186,ZEN Rooms Plawa,,-8.6906707,115.1687841,osm_only,n/a,0,,False,,exact
osm-9970068214,Pondok Yudi,,-8.6920302,115.1699069,osm_only,n/a,0,,False,,exact
osm-9970174229,Belong Dua 5 Airy Room,,-8.6922412,115.172689,osm_only,n/a,0,,False,,exact
osm-9972198396,Vansari Seminyak Serenity,,-8.6932931,115.1680101,osm_only,n/a,0,,False,,exact
osm-9972648852,Sugarsand Hotel Indigo Seminyak,,-8.6958017,115.1607985,osm_only,n/a,0,,False,,exact
osm-9994347060,Akaya Bali,,-8.6963743,115.2635106,osm_only,n/a,0,,False,,exact
osm-10001015717,Sri Lestari Banyuatis,,-8.2629187,115.0153961,osm_only,n/a,0,,False,,exact
osm-10015162217,Ayuna Family Homestay,,-8.5507767,115.2571426,osm_only,n/a,0,,False,,exact
osm-10020540617,Prasana Villas by Arjani,,-8.8344961,115.1425886,osm_only,n/a,0,,False,,exact
osm-10044734817,Bila Penida Resort&Spa,,-8.7114026,115.5348419,osm_only,n/a,0,,False,,exact
osm-10048707417,Adhiloka,,-8.8279908,115.1494848,osm_only,n/a,0,,False,,exact
osm-10060639817,Mount sea view bungalow,,-8.6984701,115.4908654,osm_only,n/a,0,,False,,exact
osm-10120996417,Munduk village,,-8.2665302,115.0548013,osm_only,n/a,0,,False,,exact
osm-10125463117,Abangan Bungalow,,-8.5048662,115.2579372,osm_only,n/a,0,,False,,exact
osm-10129388417,Arya Arkananta Eco Resort & SPA,,-8.5118078,115.2446505,osm_only,n/a,0,,False,,exact
osm-10136559417,Kerengasam,,-8.427131,115.4599507,osm_only,n/a,0,,False,,exact
osm-10136559418,Karangasem,,-8.4270877,115.4599654,osm_only,n/a,0,,False,,exact
osm-10136559717,Camaya Bali,,-8.4271507,115.459944,osm_only,n/a,0,,False,,exact
osm-10151608017,Solo Villas,,-8.4969694,115.2613716,osm_only,n/a,0,,False,,exact
osm-10164178617,Bila Penida Resort and Farm,,-8.7112912,115.5346983,osm_only,n/a,0,,False,,exact
osm-10165841670,Tropicale Villa By Buttonscarves,,-8.6745999,115.1751791,osm_only,n/a,0,,False,,exact
osm-10165841671,Villa Ruby & Saphir,,-8.674639,115.1753748,osm_only,n/a,0,,False,,exact
osm-10165841672,Villa Antea,,-8.6807527,115.1733325,osm_only,n/a,0,,False,,exact
osm-10165841673,Villa Olympe,,-8.6807913,115.1735545,osm_only,n/a,0,,False,,exact
osm-10165841674,Villa Freedom,,-8.6810734,115.1743764,osm_only,n/a,0,,False,,exact
osm-10165841675,Villa My Joy,,-8.6812823,115.1741341,osm_only,n/a,0,,False,,exact
osm-10165841676,Villa Pablo,,-8.679374,115.1771068,osm_only,n/a,0,,False,,exact
osm-10165985531,Villa Green Mood,,-8.5008602,115.2853636,osm_only,n/a,0,,False,,exact
osm-10165985532,Villa Sawah Ramah,,-8.5073133,115.2850606,osm_only,n/a,0,,False,,exact
osm-10219547480,Seamount Hotel Amed,,-8.3352486,115.6467263,osm_only,n/a,0,,False,,exact
osm-10219561838,Mejore,,-8.335519,115.6516792,osm_only,n/a,0,,False,,exact
osm-10219563639,Villa di Amed,,-8.3356612,115.6461804,osm_only,n/a,0,,False,,exact
osm-10224938517,K-club,,-8.4406647,115.2850583,osm_only,n/a,0,,False,,exact
osm-10225116417,Dava Jaya Uluwatu,,-8.8234551,115.0881903,osm_only,n/a,0,,False,,exact
osm-10225143517,Oneworld Ayurveda,,-8.4311219,115.2829513,osm_only,n/a,0,,False,,exact
osm-10230351877,Ubud Hideaway,,-8.3731615,115.2696443,osm_only,n/a,0,,False,,exact
osm-10234778918,Udara Bali,,-8.6468576,115.1148181,osm_only,n/a,0,,False,,exact
osm-10238235376,Balian Green Lagoon,"Balian Beach, Tabanan",-8.4986488,114.9648873,osm_only,n/a,0,,False,,exact
osm-10262384975,Akarsa Kokoro,,-8.7083141,115.2573387,osm_only,n/a,0,,False,,exact
osm-10264807793,Akana,,-8.7071599,115.2562689,osm_only,n/a,0,,False,,exact
osm-10264810915,Sudamala Suites & Villas,,-8.7076127,115.2560368,osm_only,n/a,0,,False,,exact
osm-10266548609,Odesa Villa Ubud,,-8.5373623,115.2599539,osm_only,n/a,0,,False,,exact
osm-10269517671,Wisma Bahari,,-8.7054816,115.2598009,osm_only,n/a,0,,False,,exact
osm-10269519363,Villa Puri Ayu Sanur,,-8.7082923,115.2570589,osm_only,n/a,0,,False,,exact
osm-10299654310,Ubud Lwih Nature Villas,,-8.485809,115.2790751,osm_only,n/a,0,,False,,exact
osm-10299654509,Nusa Bay,,-8.1209247,114.5131833,osm_only,n/a,0,,False,,exact
osm-10542622209,Pandok Nini Villa,,-8.5069557,115.2770568,osm_only,n/a,0,,False,,exact
osm-10558872335,Bima Sakti Hostel Canggu,,-8.6550973,115.1257987,osm_only,n/a,0,,False,,exact
osm-10558921507,The Koi Guest House Canggu,,-8.6541134,115.1263132,osm_only,n/a,0,,False,,exact
osm-10559172608,Pucuk Bali Guest House Canggu,,-8.6511408,115.1353812,osm_only,n/a,0,,False,,exact
osm-10559191520,Ris Homestay Canggu,,-8.6504898,115.1363625,osm_only,n/a,0,,False,,exact
osm-10559386541,Villa Vayana Pererenan,,-8.6468017,115.1300602,osm_only,n/a,0,,False,,exact
osm-10578824150,Tanadewa Hotel,,-8.544431,115.2506361,osm_only,n/a,0,,False,,exact
osm-10578824442,Tanadewa,,-8.5443519,115.2506102,osm_only,n/a,0,,False,,exact
osm-10587989336,Wiras Village,,-8.6571406,115.1355146,osm_only,n/a,0,,False,,exact
osm-10596568062,Villa Mia Seminyak - Boutique Villas [Location 2],"Seminyak, Kuta, Kabupaten Badung, Bali, Indonesia",-8.6893626,115.1596111,osm_only,n/a,0,,False,,exact
osm-10596621838,Prani Bali Villas,Seminyak,-8.6863595,115.162183,osm_only,n/a,0,,False,,exact
osm-10596621839,Villa Mia Dua,Seminyak,-8.6867271,115.1622241,osm_only,n/a,0,,False,,exact
osm-10596621848,Villa Mia Tiga,Seminyak,-8.6866073,115.1622331,osm_only,n/a,0,,False,,exact
osm-10597742680,The Elysian Villas Resort,,-8.6880526,115.1581179,osm_only,n/a,0,,False,,exact
osm-10656662209,Kahayana suites,,-8.5567016,115.2624504,osm_only,n/a,0,,False,,exact
osm-10672251905,Hotel Cangu,,-8.653367,115.1289673,osm_only,n/a,0,,False,,exact
osm-10682664205,Argya Santi Resort Jimbaran,,-8.795359,115.1467728,osm_only,n/a,0,,False,,exact
osm-10685188567,The Suites by the Young Villas,,-8.814306,115.1146421,osm_only,n/a,0,,False,,exact
osm-10685198433,Kalia Bingin Pecatu,Bali,-8.8145932,115.1151652,osm_only,n/a,0,,False,,exact
osm-10690323005,Wallet Paradise,,-8.6834174,115.4344478,osm_only,n/a,0,,False,,exact
osm-10690504506,Ramada Encore (4 star),,-8.6855452,115.1761437,osm_only,n/a,0,,False,,exact
osm-10699063679,3 Villa,,-8.8103453,115.1607661,osm_only,n/a,0,,False,,exact
osm-10702405897,Lobby Hotel Royal Puncak,,-8.8101528,115.158173,osm_only,n/a,0,,False,,exact
osm-10703102681,Pondok Gita Pelangi,,-8.7942721,115.1763597,osm_only,n/a,0,,False,,exact
osm-10742702705,surya kembar villas,,-8.5355825,115.2662879,osm_only,n/a,0,,False,,exact
osm-10755258705,Royal tulip,,-8.7926051,115.1448726,osm_only,n/a,0,,False,,exact
osm-10755941912,kakul villa ubud,,-8.5337318,115.2621417,osm_only,n/a,0,,False,,exact
osm-10762303905,Daphila Cottege,,-8.6772542,115.5414439,osm_only,n/a,0,,False,,exact
osm-10763566705,Le Sabot Bamboo,,-8.5091298,115.2504363,osm_only,n/a,0,,False,,exact
osm-10777490105,The Nest Hotel Nusa Dua,,-8.7883579,115.2255879,osm_only,n/a,0,,False,,exact
osm-10781566079,OK Divers,,-8.5303513,115.5093901,osm_only,n/a,0,,False,,exact
osm-10784450417,Bunk Bed Hotel Denpasar Bali,Denpasar,-8.6491716,115.2162339,osm_only,n/a,0,,False,,exact
osm-10786435905,Kampung Uma Dawa,,-8.4966113,115.3019104,osm_only,n/a,0,,False,,exact
osm-10795063073,Bliss Ubud Abangan,,-8.5060607,115.2582084,osm_only,n/a,0,,False,,exact
osm-10797048752,Giriwood,,-8.2261839,115.1223896,osm_only,n/a,0,,False,,exact
osm-10831286705,Santika Siligita Nusa Dua,,-8.8047996,115.2221306,osm_only,n/a,0,,False,,exact
osm-10832456105,sahadewa resort spa,,-8.5188652,115.2634407,osm_only,n/a,0,,False,,exact
osm-10866438005,Gumi Ayu EcoHotel,,-8.2544435,115.0786418,osm_only,n/a,0,,False,,exact
osm-10866439205,Bali Dream House,,-8.3423067,115.6678271,osm_only,n/a,0,,False,,exact
osm-10867097105,Mira Family cottages,,-8.515111,115.2579939,osm_only,n/a,0,,False,,exact
osm-10869920806,Milky Way Homestay,,-8.6498529,115.1335408,osm_only,n/a,0,,False,,exact
osm-10875157405,wooden green paradise,,-8.6254545,115.1222463,osm_only,n/a,0,,False,,exact
osm-10876706765,Global Royal Pemuteran,,-8.1464851,114.6529824,osm_only,n/a,0,,False,,exact
osm-10879819606,Kusfarm Bali Eco Resort,,-8.4804195,115.0289467,osm_only,n/a,0,,False,,exact
osm-10879936505,Ogek Homestay,,-8.4946066,115.2738934,osm_only,n/a,0,,False,,exact
osm-10897790905,The Catar Cottages,,-8.6936457,115.4883653,osm_only,n/a,0,,False,,exact
osm-10907548524,Villa Lembah Damai,Gianyar,-8.3555145,115.2987929,osm_only,n/a,0,,False,,exact
osm-10922208005,Laguna Reef Sea,,-8.6937558,115.4388408,osm_only,n/a,0,,False,,exact
osm-10933913305,Mango 5 Hotel,,-8.335926,115.6518278,osm_only,n/a,0,,False,,exact
osm-10972299724,Blue Hill Resort,,-8.2887825,115.6043879,osm_only,n/a,0,,False,,exact
osm-10983343835,D’Pande Guesthouse,,-8.7224785,115.1744992,osm_only,n/a,0,,False,,exact
osm-10989277436,The Legend Khayangan,Kemenuh,-8.5731862,115.2863922,osm_only,n/a,0,,False,,exact
osm-11002515876,Hotel Puriartha Ubud,,-8.5239336,115.2672087,osm_only,n/a,0,,False,,exact
osm-11005856205,Asri Villas Bingin,,-8.808663,115.1151471,osm_only,n/a,0,,False,,exact
osm-11010451459,Manik Tirta Cabin's,,-8.2493469,115.3968715,osm_only,n/a,0,,False,,exact
osm-11027919229,"Indah Beauty, Spa & Homestay",,-8.4361506,115.2472929,osm_only,n/a,0,,False,,exact
osm-11032784170,Chesa Canggu,Canggu,-8.657402,115.1325531,osm_only,n/a,0,,False,,exact
osm-11048054247,Mona Homestay,,-8.6872654,115.2624512,osm_only,n/a,0,,False,,exact
osm-11048073460,KKorok Hill Cottage,,-8.6844396,115.4853001,osm_only,n/a,0,,False,,exact
osm-11055018805,Lumbalumba villa,,-8.1566121,115.0389587,osm_only,n/a,0,,False,,exact
osm-11056160029,Secana Beachtown,"Kuta utara, Canggu",-8.6616976,115.1363904,osm_only,n/a,0,,False,,exact
osm-11058051180,Putri Kori Villa and Resort,,-8.2562749,114.4753224,osm_only,n/a,0,,False,,exact
osm-11059279633,Celagi Inn,,-8.5296809,115.5094092,osm_only,n/a,0,,False,,exact
osm-11068332811,Mothership,,-8.5530196,115.2757066,osm_only,n/a,0,,False,,exact
osm-11068664205,Kubu Kak Dudung Villas,,-8.7838575,115.1679141,osm_only,n/a,0,,False,,exact
osm-11083327855,Rumah Buka villa,,-8.1815301,114.9804131,osm_only,n/a,0,,False,,exact
osm-11084694759,Ubud Hidden Villa Yone Village,,-8.5033197,115.2717709,osm_only,n/a,0,,False,,exact
osm-11160349703,Grand Sinar Indah Hotel,,-8.7028662,115.1674866,osm_only,n/a,0,,False,,exact
osm-11182259837,Pesantian Villa and Warung,,-8.482704,115.2973859,osm_only,n/a,0,,False,,exact
osm-11186175009,Swiss-Bel Resort,,-8.8099464,115.1322851,osm_only,n/a,0,,False,,exact
osm-11188107520,Handara Golf & Resort,,-8.246016,115.1625752,osm_only,n/a,0,,False,,exact
osm-11191404566,Vinila Nusa Dua,,-8.8180783,115.2146718,osm_only,n/a,0,,False,,exact
osm-11191404567,Le Berceuse Villa & Resort,,-8.8184096,115.2141622,osm_only,n/a,0,,False,,exact
osm-11247564337,Bumbung Bungalows,,-8.3360379,115.6456552,osm_only,n/a,0,,False,,exact
osm-11293269769,Cempaka 3 Inn,,-8.7165582,115.1726033,osm_only,n/a,0,,False,,exact
osm-11360308008,Nanda Homestay,,-8.6436813,115.1405841,osm_only,n/a,0,,False,,exact
osm-11379039281,Outpost Canggu Coliving,Berawa,-8.6571035,115.1413253,osm_only,n/a,0,,False,,exact
osm-11387805069,Tanaya Homestay,,-8.3345254,115.6383706,osm_only,n/a,0,,False,,exact
osm-11416166469,Atuh Forest Cottage,,-8.7587272,115.6110975,osm_only,n/a,0,,False,,exact
osm-11494476669,Kakol Guesthouse,,-8.6502147,115.1381657,osm_only,n/a,0,,False,,exact
osm-11505586869,Terra Cottages,,-8.8055961,115.1152239,osm_only,n/a,0,,False,,exact
osm-11509779926,Sacred Valley Ubud,,-8.3750949,115.2999625,osm_only,n/a,0,,False,,exact
osm-11639072735,Wapa di Ume Sidemen,,-8.4774108,115.4397262,osm_only,n/a,0,,False,,exact
osm-11639959240,The Young Villas,,-8.6421646,115.1434334,osm_only,n/a,0,,False,,exact
osm-11643183140,Maja Hotel,,-8.6424821,115.1427799,osm_only,n/a,0,,False,,exact
osm-11643196878,Kemari Studio,,-8.6412162,115.1424877,osm_only,n/a,0,,False,,exact
osm-11643196979,Azure Villas Canggu,,-8.6405879,115.1437443,osm_only,n/a,0,,False,,exact
osm-11644746599,Casa Due,,-8.6446204,115.1416496,osm_only,n/a,0,,False,,exact
osm-11662442270,Lembah Cinta Mayungan,,-8.3096175,115.1971632,osm_only,n/a,0,,False,,exact
osm-11671544169,Truntum Kuta,,-8.7231283,115.1705486,osm_only,n/a,0,,False,,exact
osm-11681155445,Domisili Villa Canggu By Fays Hospitality,Badung,-8.6405236,115.1451245,osm_only,n/a,0,,False,,exact
osm-11688976169,The Kamare,,-8.6504848,115.1482346,osm_only,n/a,0,,False,,exact
osm-11711617269,"Puri Oka Bungalows, Candidasa",,-8.5135012,115.5773062,osm_only,n/a,0,,False,,exact
osm-11749952269,Bintang Munduk,,-8.2648325,115.0658124,osm_only,n/a,0,,False,,exact
osm-11760868369,Boss legion,,-8.7015066,115.1690951,osm_only,n/a,0,,False,,exact
osm-11760970978,Yoga Searcher,,-8.8169645,115.0935352,osm_only,n/a,0,,False,,exact
osm-11760971004,Three Monkeys Villas,,-8.8169985,115.0936799,osm_only,n/a,0,,False,,exact
osm-11760971108,Ashana Hotel,,-8.8170589,115.0944761,osm_only,n/a,0,,False,,exact
osm-11762606946,Sannyas Boutique Hotel,,-8.8166362,115.0971319,osm_only,n/a,0,,False,,exact
osm-11762606952,D'padang,,-8.8170166,115.0982361,osm_only,n/a,0,,False,,exact
osm-11763265667,Nest Uluwatu,,-8.8199263,115.097191,osm_only,n/a,0,,False,,exact
osm-11763290405,Uluwatu Dream Inn,,-8.8192423,115.0968145,osm_only,n/a,0,,False,,exact
osm-11765615048,Blue Point Resort and Spa,,-8.8149476,115.0893389,osm_only,n/a,0,,False,,exact
osm-11766071236,Las Palmas Uluwatu,,-8.8183904,115.0976338,osm_only,n/a,0,,False,,exact
osm-11767955934,Uluwatu Breeze Village,,-8.81799,115.0993713,osm_only,n/a,0,,False,,exact
osm-11768003411,Villa Senja Ubud,,-8.5072073,115.2846348,osm_only,n/a,0,,False,,exact
osm-11768406185,The 101 Hotel Bali Oasis Sanur,,-8.6952277,115.2634504,osm_only,n/a,0,,False,,exact
osm-11772766099,Sandat Mas Cottages,,-8.8190579,115.0887999,osm_only,n/a,0,,False,,exact
osm-11772768987,Villaggio,,-8.8184823,115.0919488,osm_only,n/a,0,,False,,exact
osm-11772769068,Puri Uluwatu Villas,,-8.8172213,115.0900441,osm_only,n/a,0,,False,,exact
osm-11772769134,Bahari Villas,,-8.8171633,115.0893737,osm_only,n/a,0,,False,,exact
osm-11772963212,Uluwatu Wave House,,-8.818446,115.0957506,osm_only,n/a,0,,False,,exact
osm-11777581749,Suarga Padang Padang,,-8.8113989,115.1047439,osm_only,n/a,0,,False,,exact
osm-11777724669,Agus Tri Homestay,,-8.697378,115.2631471,osm_only,n/a,0,,False,,exact
osm-11777883838,Padang Padang Inn,,-8.8119734,115.1061024,osm_only,n/a,0,,False,,exact
osm-11778007770,Bb resort,,-8.7216268,115.4973386,osm_only,n/a,0,,False,,exact
osm-11779037642,NextLevel Surfcamp Bali,,-8.81393,115.1076068,osm_only,n/a,0,,False,,exact
osm-11779037680,The Brothers Villa,,-8.8123942,115.1070891,osm_only,n/a,0,,False,,exact
osm-11779037767,Kenanga Inn,,-8.8121284,115.106519,osm_only,n/a,0,,False,,exact
osm-11780115061,Garden Villa @ Habitat Village,,-8.8131288,115.1087284,osm_only,n/a,0,,False,,exact
osm-11780133992,Lullaby Bungalows,,-8.8125678,115.1084573,osm_only,n/a,0,,False,,exact
osm-11781902550,Cahaya Villa Ubud,,-8.4975574,115.2587599,osm_only,n/a,0,,False,,exact
osm-11784753594,Naturela Homestay,,-8.8175096,115.1152661,osm_only,n/a,0,,False,,exact
osm-11784753671,Gatsby Hotel Hostel,,-8.8181363,115.1156016,osm_only,n/a,0,,False,,exact
osm-11784753692,De Olas,,-8.8183603,115.1156389,osm_only,n/a,0,,False,,exact
osm-11784753819,3D Home Stay,,-8.8200098,115.117789,osm_only,n/a,0,,False,,exact
osm-11785904004,Villa Bayu,,-8.8194842,115.1190887,osm_only,n/a,0,,False,,exact
osm-11785904084,Villa Padang Padang,,-8.8203131,115.1194609,osm_only,n/a,0,,False,,exact
osm-11786686462,Kamafari,,-8.8212765,115.1166206,osm_only,n/a,0,,False,,exact
osm-11786687178,Makai Uluwatu,,-8.8214739,115.1174663,osm_only,n/a,0,,False,,exact
osm-11789327171,"Villa BIE at Six Senses Uluwatu, Bali",,-8.8440542,115.1293426,osm_only,n/a,0,,False,,exact
osm-11801446280,Uluwatu Desa,,-8.840247,115.1078537,osm_only,n/a,0,,False,,exact
osm-11802106569,Khailash Warung And Homestay,,-8.4693379,115.4366817,osm_only,n/a,0,,False,,exact
osm-11802106769,Mancur guesthouse,,-8.5219457,115.2875996,osm_only,n/a,0,,False,,exact
osm-11803477212,The Sanctus Villa,,-8.8387996,115.099154,osm_only,n/a,0,,False,,exact
osm-11803477229,Uluwatu Estate,,-8.8385356,115.0989689,osm_only,n/a,0,,False,,exact
osm-11803477331,Uluwatu Kayana Bungalows,,-8.8371121,115.1004704,osm_only,n/a,0,,False,,exact
osm-11804437849,The Beach House Uluwatu,,-8.8361206,115.099591,osm_only,n/a,0,,False,,exact
osm-11804485575,Samula Uluwatu,,-8.8360561,115.0979014,osm_only,n/a,0,,False,,exact
osm-11804485811,Puri Bali Nyang Nyang Resort,,-8.8365761,115.0965659,osm_only,n/a,0,,False,,exact
osm-11804623501,Uluwatu Wooden Villa,,-8.8340114,115.0954671,osm_only,n/a,0,,False,,exact
osm-11805965508,Sanjula Uluwatu,,-8.8340025,115.0940163,osm_only,n/a,0,,False,,exact
osm-11806533625,Satria Bungalow,,-8.8222401,115.0891293,osm_only,n/a,0,,False,,exact
osm-11806533754,Blue House Uluwatu,,-8.8239212,115.0871699,osm_only,n/a,0,,False,,exact
osm-11806979752,The Gong Accomodation,,-8.8218091,115.0896928,osm_only,n/a,0,,False,,exact
osm-11806979760,Waroeng Surya,,-8.8208772,115.0898821,osm_only,n/a,0,,False,,exact
osm-11806980531,Bobby's Place,,-8.8209951,115.0902079,osm_only,n/a,0,,False,,exact
osm-11808327077,Roejas Sunset Surf Camp,,-8.8194776,115.0903458,osm_only,n/a,0,,False,,exact
osm-11808327078,Bhujangga's Village,,-8.8201071,115.090078,osm_only,n/a,0,,False,,exact
osm-11809036199,Davu Sundara Villa & Cottage,,-8.8253471,115.0901443,osm_only,n/a,0,,False,,exact
osm-11809224115,Puri Segara Village,,-8.8255994,115.090576,osm_only,n/a,0,,False,,exact
osm-11810480038,The Tempekan Nyang-Nyang,,-8.8345587,115.0972851,osm_only,n/a,0,,False,,exact
osm-11810484903,Nyang - Nyang Bungalow,,-8.8351564,115.0994139,osm_only,n/a,0,,False,,exact
osm-11811133188,The Pande Hill Homestay,,-8.8293527,115.0920377,osm_only,n/a,0,,False,,exact
osm-11813614826,Laksmi Villa,,-8.8172576,115.10797,osm_only,n/a,0,,False,,exact
osm-11813614931,Mantra Wellness Centre,,-8.8159357,115.1079953,osm_only,n/a,0,,False,,exact
osm-11816012280,Uluwatu Sunset Hills,,-8.8212997,115.1096188,osm_only,n/a,0,,False,,exact
osm-11818447994,Kanvas Hotel Studio Padang Padang,,-8.8225045,115.1009628,osm_only,n/a,0,,False,,exact
osm-11818448097,Rock'n Reef,,-8.8088703,115.1072734,osm_only,n/a,0,,False,,exact
osm-11820252777,Villa Pulu,,-8.8098342,115.1092728,osm_only,n/a,0,,False,,exact
osm-11821882967,RONJA Boutique Hotel,,-8.8108496,115.1116231,osm_only,n/a,0,,False,,exact
osm-11823806773,Villa Munduk Kupang,Buleleng,-8.1698228,115.1811427,osm_only,n/a,0,,False,,exact
osm-11824372941,Mule Malu Tropical Stay,,-8.81149,115.1132909,osm_only,n/a,0,,False,,exact
osm-11831878211,Rapture Surfcamp,,-8.8159443,115.1149899,osm_only,n/a,0,,False,,exact
osm-11840775181,Fora Capsule Hostel Tuban Kuta Bali,,-8.7398847,115.1694407,osm_only,n/a,0,,False,,exact
osm-11840775969,Green Coconut Cottage,,-8.5499545,115.2771767,osm_only,n/a,0,,False,,exact
osm-11841212572,Villa Hari Indah,,-8.8084669,115.1158986,osm_only,n/a,0,,False,,exact
osm-11841302006,Ubud Heaven Sayan Villas Bali,,-8.4999529,115.2452532,osm_only,n/a,0,,False,,exact
osm-11842697003,Villa Kelolyne,,-8.6737069,115.1709347,osm_only,n/a,0,,False,,exact
osm-11842697004,Villa Carome & Riguen,,-8.6736787,115.1711523,osm_only,n/a,0,,False,,exact
osm-11842730693,Villa Ambre & Jade,,-8.6793452,115.1770002,osm_only,n/a,0,,False,,exact
osm-11849538863,Villa Maja Boutique Hotel,,-8.8066434,115.1178289,osm_only,n/a,0,,False,,exact
osm-11850258464,ADAYA Boutique Villas,,-8.8051743,115.1191133,osm_only,n/a,0,,False,,exact
osm-11853335096,Barrels at Bingin,,-8.8057964,115.1161338,osm_only,n/a,0,,False,,exact
osm-11853335173,The Retreat,,-8.8058096,115.1159331,osm_only,n/a,0,,False,,exact
osm-11853670541,Bodhi Bingin,,-8.8056229,115.1155055,osm_only,n/a,0,,False,,exact
osm-11853670564,Jabeki Bungalows,,-8.8054164,115.1153888,osm_only,n/a,0,,False,,exact
osm-11853671028,Leggie's Bungalows,,-8.8056752,115.115047,osm_only,n/a,0,,False,,exact
osm-11854245907,Pondok Indah,,-8.8061126,115.1155133,osm_only,n/a,0,,False,,exact
osm-11854245908,Secret Garden Bingin Beach,,-8.8059266,115.1156517,osm_only,n/a,0,,False,,exact
osm-11861386884,Rasta Inn,,-8.8063739,115.1149863,osm_only,n/a,0,,False,,exact
osm-11861387246,The Temple Lodge,,-8.8070206,115.1130943,osm_only,n/a,0,,False,,exact
osm-11861547288,Villa Dedaren,,-8.8077091,115.1141574,osm_only,n/a,0,,False,,exact
osm-11861940345,Rasasvada Cottages,,-8.8065698,115.1149025,osm_only,n/a,0,,False,,exact
osm-11885111421,Puri Sadewa Balangan,,-8.7982823,115.1336062,osm_only,n/a,0,,False,,exact
osm-11887728202,The Alchemist Bungalows & Restaurant,,-8.803606,115.1322883,osm_only,n/a,0,,False,,exact
osm-11887728358,"Made""02"" Balangan Homestay",,-8.8024274,115.1316735,osm_only,n/a,0,,False,,exact
osm-11888897369,Canvas Escape Resort,,-8.5591583,115.2608592,osm_only,n/a,0,,False,,exact
osm-11897105669,"Swell Hotel, Pool & Bar",,-8.6079289,115.0861728,osm_only,n/a,0,,False,,exact
osm-11911615269,Chez Bisma,,-8.4781705,115.4479084,osm_only,n/a,0,,False,,exact
osm-11919567570,queen at gunung sari,,-8.5076017,115.2732069,osm_only,n/a,0,,False,,exact
osm-11925078295,Komaneka at Keramas Beach,,-8.6000149,115.3329943,osm_only,n/a,0,,False,,exact
osm-11942016604,Oka Kartini B&B,,-8.5092142,115.2685951,osm_only,n/a,0,,False,,exact
osm-11946469524,Alamdini Resort,,-8.5105268,115.2576633,osm_only,n/a,0,,False,,exact
osm-11947043426,Aris Homestay,,-8.2658915,115.0542095,osm_only,n/a,0,,False,,exact
osm-11947117132,Jojo’s Homestay,,-8.2659668,115.0541956,osm_only,n/a,0,,False,,exact
osm-11947156080,Panorama Munduk,,-8.2661463,115.0557277,osm_only,n/a,0,,False,,exact
osm-11949553955,Munduk Sari Resort,,-8.2627464,115.0623058,osm_only,n/a,0,,False,,exact
osm-11949617770,Pui Jumpungan Villa,,-8.4679782,115.4427861,osm_only,n/a,0,,False,,exact
osm-11953350107,Maliana Homestay,,-8.2659482,115.0538236,osm_only,n/a,0,,False,,exact
osm-11971077069,Maisaba Seminyak,,-8.6875716,115.1716902,osm_only,n/a,0,,False,,exact
osm-11992916507,Shankara Parada Villas,,-8.3513255,115.6853951,osm_only,n/a,0,,False,,exact
osm-12000842470,Senetan Villas and Spa Resort,,-8.3727965,115.2647119,osm_only,n/a,0,,False,,exact
osm-12035892509,Villa Mermaid,,-8.6860802,115.1637608,osm_only,n/a,0,,False,,exact
osm-12042918122,Pramana Watu Kurung,Ubud,-8.4712628,115.2446922,osm_only,n/a,0,,False,,exact
osm-12096310901,The Village B&B,,-8.1659412,115.0218927,osm_only,n/a,0,,False,,exact
osm-12107724813,SUSI Villas,Gianyar,-8.450064,115.2524339,osm_only,n/a,0,,False,,exact
osm-12107959002,Pondok di Sawah,Gianyar,-8.4558047,115.2499814,osm_only,n/a,0,,False,,exact
osm-12157693842,Arya Inn Enny Salon and Spa,,-8.6744074,115.4491144,osm_only,n/a,0,,False,,exact
osm-12162660533,Seminyak Paradiso,,-8.6919591,115.1632021,osm_only,n/a,0,,False,,exact
osm-12205050470,Donguri House Bali,,-8.7639271,115.1732352,osm_only,n/a,0,,False,,exact
osm-12259541804,S’cape,,-8.6894275,115.2626505,osm_only,n/a,0,,False,,exact
osm-12291410801,Villa Nido,,-8.6401341,115.137111,osm_only,n/a,0,,False,,exact
osm-12296082194,Jembrana Bali Homestay,,-8.4027768,114.6506295,osm_only,n/a,0,,False,,exact
osm-12296092002,Segara urip Homestay,,-8.4026749,114.6506181,osm_only,n/a,0,,False,,exact
osm-12308843401,Munduk Heaven Luxury Villas,,-8.2859874,115.0813671,osm_only,n/a,0,,False,,exact
osm-12308880602,Sanglung Villas & Suites,,-8.1019606,115.2220886,osm_only,n/a,0,,False,,exact
osm-12308958701,Del Cielo Villa Seminyak,,-8.6746514,115.1540824,osm_only,n/a,0,,False,,exact
osm-12314157395,Azana Boutique Hotel,,-8.6357224,115.1931766,osm_only,n/a,0,,False,,exact
osm-12327649001,Horison Ume Suites & Villas Ubud (Metland Venya Ubud),,-8.4730216,115.2635879,osm_only,n/a,0,,False,,exact
osm-12361795102,Villa uma ayu sidemen,,-8.4667637,115.4404979,osm_only,n/a,0,,False,,exact
osm-12427946262,Aston Denpasar,,-8.6395446,115.2061383,osm_only,n/a,0,,False,,exact
osm-12442649564,My new lovina,,-8.1616528,115.0257336,osm_only,n/a,0,,False,,exact
osm-12487859937,Oshom Bali,,-8.6305737,115.0953653,osm_only,n/a,0,,False,,exact
osm-12487868503,Phi Camp Hotel,,-8.6279988,115.0952551,osm_only,n/a,0,,False,,exact
osm-12495630028,Villa Ubud Sunshine,,-8.509653,115.2596679,osm_only,n/a,0,,False,,exact
osm-12499989349,Alamdhari Resort,,-8.4730199,115.4415751,osm_only,n/a,0,,False,,exact
osm-12519695383,Best Western Premier Agung Resort Ubud,,-8.5000747,115.2670066,osm_only,n/a,0,,False,,exact
osm-12531266012,Juwuk Manis Hotel,Ubud,-8.4954858,115.2627074,osm_only,n/a,0,,False,,exact
osm-12535907983,Metland Venya Ubud,,-8.4722378,115.2628939,osm_only,n/a,0,,False,,exact
osm-12543048701,Blue Karma Dijiwa Ubud,,-8.4777467,115.2628414,osm_only,n/a,0,,False,,exact
osm-12553385101,The Revery,,-8.6647294,115.1491941,osm_only,n/a,0,,False,,exact
osm-12559007622,Paradise Beach Bungalows,,-8.2781101,115.5936593,osm_only,n/a,0,,False,,exact
osm-12569719723,Puri Aries Hotel,,-8.2785516,115.5928216,osm_only,n/a,0,,False,,exact
osm-12570542955,Prime Plaza Suites,,-8.6940673,115.2593374,osm_only,n/a,0,,False,,exact
osm-12588426864,De Gus Homestay,,-8.5083797,115.2435757,osm_only,n/a,0,,False,,exact
osm-12602702190,The Jiwana Bali Villa,,-8.831547,115.1731306,osm_only,n/a,0,,False,,exact
osm-12602911712,Lala Home Stay,,-8.8280703,115.1874736,osm_only,n/a,0,,False,,exact
osm-12625790702,Terrace at Cuta beach,,-8.7119155,115.1720175,osm_only,n/a,0,,False,,exact
osm-12625791301,Terrace at Kuta beach,,-8.7130008,115.1708493,osm_only,n/a,0,,False,,exact
osm-12649142357,Villa Uma Umalas,Umalas,-8.6543435,115.1510704,osm_only,n/a,0,,False,,exact
osm-12657823463,The Haven Suites,,-8.6962001,115.1663582,osm_only,n/a,0,,False,,exact
osm-12657831648,Sari Bunga Hotel,,-8.6970761,115.1637333,osm_only,n/a,0,,False,,exact
osm-12657885080,Hotel Indigo,,-8.6954912,115.1605571,osm_only,n/a,0,,False,,exact
osm-12657902814,Sugar Sand Hotel,,-8.6951096,115.1605492,osm_only,n/a,0,,False,,exact
osm-12661972534,Luminor Hotel,,-8.6983959,115.1692,osm_only,n/a,0,,False,,exact
osm-12665326728,Swan Inn,,-8.5084215,115.2611248,osm_only,n/a,0,,False,,exact
osm-12669717947,Komaneka Bisma,,-8.5124188,115.2578282,osm_only,n/a,0,,False,,exact
osm-12686185394,Labak River Hotel,,-8.5281076,115.2546545,osm_only,n/a,0,,False,,exact
osm-12704113716,Nakula 12A by Bali-Nest.com,,-8.5087586,115.2482849,osm_only,n/a,0,,False,,exact
osm-12704113717,Nakula 5 by Bali-Nest.com,,-8.5075162,115.2488415,osm_only,n/a,0,,False,,exact
osm-12708689924,The Royal Purnama,,-8.6187599,115.3086778,osm_only,n/a,0,,False,,exact
osm-12710868182,Tamukami Hotel,,-8.6879118,115.2625955,osm_only,n/a,0,,False,,exact
osm-12727832564,VILLA YUCCA 3,Pererenan,-8.6397107,115.1331584,osm_only,n/a,0,,False,,exact
osm-12737621602,Pop Hotel Singaraja,,-8.103322,115.0902193,osm_only,n/a,0,,False,,exact
osm-12802372801,Happy Inn 2,,-8.5089737,115.2578356,osm_only,n/a,0,,False,,exact
osm-12807608801,Vitasha Supala Ubud,,-8.5195844,115.2636646,osm_only,n/a,0,,False,,exact
osm-12814059030,Teluk Menjangan Bali,,-8.1572765,114.5209805,osm_only,n/a,0,,False,,exact
osm-12834805943,The Bali Shanti,Ubud,-8.5056948,115.2685898,osm_only,n/a,0,,False,,exact
osm-12834805944,Villa Padma,Ubud,-8.5056662,115.2685097,osm_only,n/a,0,,False,,exact
osm-12834829130,Alas Petulu Villas Resort & Spa,Ubud,-8.5059753,115.2686881,osm_only,n/a,0,,False,,exact
osm-12834851264,Meket Bungalows,,-8.7111623,115.4699973,osm_only,n/a,0,,False,,exact
osm-12834851265,Sukawati Inn,,-8.7104366,115.4701658,osm_only,n/a,0,,False,,exact
osm-12835168120,Pramana Nusa Ceningan Resort,,-8.6893151,115.4623458,osm_only,n/a,0,,False,,exact
osm-12848078101,The Akasea Villa,,-8.8387257,115.1729444,osm_only,n/a,0,,False,,exact
osm-12856887601,River Song,,-8.5004457,115.2433489,osm_only,n/a,0,,False,,exact
osm-12862523339,Crystal Bay Bungalows,,-8.7184311,115.464275,osm_only,n/a,0,,False,,exact
osm-12865675731,Nusava,,-8.710048,115.4704056,osm_only,n/a,0,,False,,exact
osm-12872686132,BS Home Hotel,Kuta,-8.7392259,115.1665898,osm_only,n/a,0,,False,,exact
osm-12873439817,Pandawa Glamping Kintamani,,-8.2352849,115.4078743,osm_only,n/a,0,,False,,exact
osm-12879831101,Bali Praya House,,-8.26556,115.0450052,osm_only,n/a,0,,False,,exact
osm-12899358168,Nom House,,-8.7393893,115.1673214,osm_only,n/a,0,,False,,exact
osm-12919246964,Umah Kayu,Ubud,-8.5047332,115.2689089,osm_only,n/a,0,,False,,exact
osm-12925160301,Lucky Family,,-8.5242479,115.2673793,osm_only,n/a,0,,False,,exact
osm-12960812401,Nengah house Ubud,,-8.5043209,115.2670038,osm_only,n/a,0,,False,,exact
osm-12960815001,Okantara house,,-8.5041034,115.2669481,osm_only,n/a,0,,False,,exact
osm-12960943801,Buda cottage Ubud,,-8.4976312,115.2792667,osm_only,n/a,0,,False,,exact
osm-12972351683,Puri Soka,,-8.675737,115.4497868,osm_only,n/a,0,,False,,exact
osm-12981746306,Chandi Hotel,,-8.492277,115.2670507,osm_only,n/a,0,,False,,exact
osm-12986066434,Nirwa Ubud Karma,,-8.5010508,115.2569821,osm_only,n/a,0,,False,,exact
osm-12986997401,New mekar Jaya hotel,,-8.7143453,115.1719497,osm_only,n/a,0,,False,,exact
osm-12990964601,Bataran garden cottage,,-8.6785794,115.5411581,osm_only,n/a,0,,False,,exact
osm-12990965301,Green valley Bungalows,,-8.7009547,115.5752603,osm_only,n/a,0,,False,,exact
osm-13004145725,Bale Taru Pecatu,,-8.8365189,115.1312726,osm_only,n/a,0,,False,,exact
osm-13028296011,Bubu Homestay Tulamben,,-8.2782258,115.5925296,osm_only,n/a,0,,False,,exact
osm-13068179777,Budhi Ayu Villa,,-8.5281734,115.2575464,osm_only,n/a,0,,False,,exact
osm-13068182153,Batur Sunrise Guesthouse,,-8.2490202,115.400863,osm_only,n/a,0,,False,,exact
osm-13073491601,Nusa Penida Pudak Nature Bungalow,,-8.6779574,115.4993508,osm_only,n/a,0,,False,,exact
osm-13074392237,Diuma Residence Yoga Meditation Retreat and Healing Center,,-8.6917437,115.235481,osm_only,n/a,0,,False,,exact
osm-13079622692,KLEO Seminyak,,-8.6806276,115.1524916,osm_only,n/a,0,,False,,exact
osm-13081071653,Villa Arjuna,,-8.4566256,115.642744,osm_only,n/a,0,,False,,exact
osm-13081168651,Pakel's Bali Villas,,-8.3349676,115.6458245,osm_only,n/a,0,,False,,exact
osm-13081229779,Hidden Paradise,,-8.3491577,115.6808012,osm_only,n/a,0,,False,,exact
osm-13095753801,Maison Aurelia Sanur,,-8.6955461,115.2634784,osm_only,n/a,0,,False,,exact
osm-13107937101,Platinum hotel Jimbaran,,-8.7632015,115.1704753,osm_only,n/a,0,,False,,exact
osm-13118674165,Hotel Arda Bali,,-8.349826,114.6166688,osm_only,n/a,0,,False,,exact
osm-13130079201,Kubu Karang Homestay,,-8.7007344,115.2613048,osm_only,n/a,0,,False,,exact
osm-13132395701,Lorong Sebatu Villa,,-8.410918,115.299522,osm_only,n/a,0,,False,,exact
osm-13135302876,Umah GEOKS,,-8.5932252,115.2533437,osm_only,n/a,0,,False,,exact
osm-13159828770,ZIN Berawa Villas & Bungalows,Badung,-8.6677511,115.1442986,osm_only,n/a,0,,False,,exact
osm-13159851395,Gembala Homestay,"Ubud, Gianyar",-8.5308361,115.263987,osm_only,n/a,0,,False,,exact
osm-13182731901,CLV,,-8.2711838,115.1623735,osm_only,n/a,0,,False,,exact
osm-13208221801,Genta House,,-8.7266942,115.1707196,osm_only,n/a,0,,False,,exact
osm-13241678401,Rapture Surfcamp Bali Greenbowl,,-8.8431193,115.172666,osm_only,n/a,0,,False,,exact
osm-13272523874,Beachwalk Residence,"Kuta, Badung, Kabupaten Badung, Bali, Indonesia",-8.7155097,115.1704611,osm_only,n/a,0,,False,,exact
osm-13284479326,Lava Bali and Hot Spring,,-8.2503106,115.3963742,osm_only,n/a,0,,False,,exact
osm-13293994001,Renaissance Bali Nusa Dua Resort,,-8.8071427,115.213848,osm_only,n/a,0,,False,,exact
osm-13294095501,Cicada Resort,,-8.3871514,115.2970893,osm_only,n/a,0,,False,,exact
osm-13316495401,Villa D'Omah,,-8.5076401,115.2501347,osm_only,n/a,0,,False,,exact
osm-13327355702,Villa Mia Dasa,Kabupaten Badung,-8.6868875,115.1621915,osm_only,n/a,0,,False,,exact
osm-13327355703,Villa Mia Sanga,Kabupaten Badung,-8.686875,115.1622484,osm_only,n/a,0,,False,,exact
osm-13327355715,Villa Mia Seminyak - Boutique Villas,"Seminyak, Kuta, Kabupaten Badung, Bali, Indonesia",-8.6899077,115.1596264,osm_only,n/a,0,,False,,exact
osm-13344391479,Saughina Ubud,Gianyar,-8.5046528,115.2688281,osm_only,n/a,0,,False,,exact
osm-13408266601,Rumah Askara,,-8.1602858,115.0278304,osm_only,n/a,0,,False,,exact
osm-13409881601,Villa Maya,,-8.1627948,115.104476,osm_only,n/a,0,,False,,exact
osm-13412709602,New Sunari Lovina Beach Resort,,-8.1541577,115.0345608,osm_only,n/a,0,,False,,exact
osm-13413189801,Arsa Nala House,,-8.5045754,115.2661155,osm_only,n/a,0,,False,,exact
osm-13436982902,Sawitri Homestay,,-8.5305393,115.5082053,osm_only,n/a,0,,False,,exact
osm-13459665801,Evara lifestyle homes by Aayan,,-8.5883952,115.1092966,osm_only,n/a,0,,False,,exact
osm-13472815605,Uma La Lang Villas,Badung Regency,-8.6350662,115.1044658,osm_only,n/a,0,,False,,exact
osm-13479389980,Villa Totem 2,Kerobokan,-8.6736055,115.1716959,osm_only,n/a,0,,False,,exact
osm-13514196201,One Degree Sunset Hill Leisure,,-8.8221822,115.119856,osm_only,n/a,0,,False,,exact
osm-13519773855,ART Villas by Into,Ubud,-8.5024846,115.2668619,osm_only,n/a,0,,False,,exact
osm-13520092343,"Six Senses Uluwatu, Bali",,-8.8445739,115.1299307,osm_only,n/a,0,,False,,exact
osm-13542381685,Tugu Canggu Beach Bali Hotel,,-8.6584624,115.1306985,osm_only,n/a,0,,False,,exact
osm-13594504658,Potato Head Studios,,-8.6784658,115.1500532,osm_only,n/a,0,,False,,exact
osm-13594504659,Potato Head suites,,-8.6790888,115.1507996,osm_only,n/a,0,,False,,exact
osm-13648926259,Kubu YN,,-8.8069944,115.1575758,osm_only,n/a,0,,False,,exact
osm-13666696057,Lavender Gumicik Hotel,,-8.6397718,115.2818866,osm_only,n/a,0,,False,,exact
osm-13673845566,Santi Home Stay,,-8.648023,115.1407097,osm_only,n/a,0,,False,,exact
osm-13702531401,Samsara Ubud,,-8.4290138,115.2584481,osm_only,n/a,0,,False,,exact
osm-13706969790,Tropical Villa Asmara,,-8.8286062,115.1578305,osm_only,n/a,0,,False,,exact
osm-13707142571,Tropical Villa Senang,,-8.8285899,115.1579765,osm_only,n/a,0,,False,,exact
osm-13707164959,Tropical Villa Matahari,,-8.828548,115.1580577,osm_only,n/a,0,,False,,exact
osm-13707171275,Tropical Villa Sinar Maluku,,-8.828264,115.1572595,osm_only,n/a,0,,False,,exact
osm-13707171276,Tropical Villa Raya,,-8.8280424,115.1583866,osm_only,n/a,0,,False,,exact
osm-13707191028,Tropical Villa Indah,,-8.8286361,115.1576269,osm_only,n/a,0,,False,,exact
osm-13727064512,Koya Suites,Badung,-8.8159793,115.0984003,osm_only,n/a,0,,False,,exact
osm-13733910401,Tonys Villas & Resort,,-8.6782345,115.1545078,osm_only,n/a,0,,False,,exact
osm-13739299001,"The Bohemian Bali, a Member of Design Hotels",,-8.6459557,115.140034,osm_only,n/a,0,,False,,exact
osm-13742010801,"Magia de Uma, a Member of Design Hotels",,-8.664517,115.1525075,osm_only,n/a,0,,False,,exact
osm-13807608175,Sardja Uluwatu,Badung,-8.8228436,115.1365365,osm_only,n/a,0,,False,,exact
osm-13900487201,Yana Villas,,-8.5554955,115.2880658,osm_only,n/a,0,,False,,exact
osm-13900904602,Petit Boo,,-8.3387525,115.659487,osm_only,n/a,0,,False,,exact
osm-13925385056,The Form,,-8.8161888,115.1110319,osm_only,n/a,0,,False,,exact
osm-13955530345,MATHIS Retreat Ubud,,-8.486466,115.2488862,osm_only,n/a,0,,False,,exact
osm-13982272502,Sumitra Luxury Villas & Resort by Pramana,,-8.7117332,115.2517406,osm_only,n/a,0,,False,,exact
osm-13989195801,Bamboo Ubud Hostel,,-8.5095685,115.2619283,osm_only,n/a,0,,False,,exact
osm-13990139703,PinkPrivate Sanur,,-8.7073388,115.2478775,osm_only,n/a,0,,False,,exact
osm-13991345101,Bay Shore Huts,Klungkung,-8.681695,115.436721,osm_only,n/a,0,,False,,exact
osm-13991355001,Villa Samudera,Klungkung,-8.669132,115.449649,osm_only,n/a,0,,False,,exact
osm-13991355201,Mainski Inn,Klungkung,-8.668806,115.448174,osm_only,n/a,0,,False,,exact
osm-13991362301,Lembongan Beach House & Apartments,Klungkung,-8.665561,115.449547,osm_only,n/a,0,,False,,exact
osm-13991423901,Astiti Penida Resort & Spa,Klungkung,-8.71808,115.464745,osm_only,n/a,0,,False,,exact
osm-13991588101,Udayana Lodge,Badung,-8.791233,115.171024,osm_only,n/a,0,,False,,exact
osm-13991961601,Sun Hotel,Badung,-8.709315,115.172006,osm_only,n/a,0,,False,,exact
osm-13991974301,Adys Inn,Badung,-8.708156,115.170185,osm_only,n/a,0,,False,,exact
osm-13994427901,Abian Srama hotel and spa,Denpasar,-8.68489,115.259384,osm_only,n/a,0,,False,,exact
osm-14021706857,Kalyssa,,-8.1396769,114.6503281,osm_only,n/a,0,,False,,exact
osm-14032119201,Mokko Suites Batubelig,,-8.6719786,115.1516447,osm_only,n/a,0,,False,,exact
osm-14057152665,Angkul-Angkul Segara Beach Kuta,Kuta,-8.7372993,115.1661828,osm_only,n/a,0,,False,,exact
osm-14057152687,Fairfield by Marriott Bali South Kuta,Kuta,-8.7374305,115.1666857,osm_only,n/a,0,,False,,exact
osm-14057156060,BaliRa Airport Hotel,Tuban,-8.7415582,115.169199,osm_only,n/a,0,,False,,exact
osm-14057163116,Diana Suites,Kuta,-8.7400263,115.1716466,osm_only,n/a,0,,False,,exact
osm-14059749426,Villa Bella Vista,Sanur Kauh,-8.7053047,115.2535846,osm_only,n/a,0,,False,,exact
osm-14059749428,Palette Signature OYO,Sanur Kauh,-8.7055473,115.2537838,osm_only,n/a,0,,False,,exact
osm-14060164398,Bayshore Beach House,,-8.7098821,115.2483013,osm_only,n/a,0,,False,,exact
osm-14060164399,Home Sanur 36D,,-8.7097575,115.2478802,osm_only,n/a,0,,False,,exact
osm-14060167824,Visakha Sanur by Puri Signatures,,-8.7093565,115.2467799,osm_only,n/a,0,,False,,exact
osm-14060167825,Waka Maya Hotel,,-8.70932,115.2469415,osm_only,n/a,0,,False,,exact
osm-14060167826,Guildwood Villa,,-8.7086532,115.2473398,osm_only,n/a,0,,False,,exact
osm-14060167827,Miracle Villa,,-8.7089687,115.2485105,osm_only,n/a,0,,False,,exact
osm-14060167828,Ranjani Villa,,-8.7088183,115.2485407,osm_only,n/a,0,,False,,exact
osm-14060167833,Kubunaki,,-8.7084199,115.2477407,osm_only,n/a,0,,False,,exact
osm-14060167864,Villa Pearl,,-8.7083994,115.2469227,osm_only,n/a,0,,False,,exact
osm-14060167867,Makari Villas Sanur,,-8.7084743,115.2461301,osm_only,n/a,0,,False,,exact
osm-14060168925,Villa Penjor,,-8.7088952,115.2503177,osm_only,n/a,0,,False,,exact
osm-14060168926,MJ Villa Sanur,,-8.7088508,115.2477005,osm_only,n/a,0,,False,,exact
osm-14060253843,Villa polp sanur,,-8.7064898,115.2488807,osm_only,n/a,0,,False,,exact
osm-14060253854,Manus Villas,,-8.7060934,115.2489531,osm_only,n/a,0,,False,,exact
osm-14060253903,La Manson,,-8.7067582,115.249047,osm_only,n/a,0,,False,,exact
osm-14060253947,Puri Mesari Suites,,-8.7071738,115.2493004,osm_only,n/a,0,,False,,exact
osm-14061751572,Villa Hibiscus,,-8.7061445,115.2524487,osm_only,n/a,0,,False,,exact
osm-14061751575,Villa Seriska,,-8.7061232,115.2530884,osm_only,n/a,0,,False,,exact
osm-14061751577,Kolonial House,Sanur Kauh,-8.7075775,115.2529623,osm_only,n/a,0,,False,,exact
osm-14062552855,Bali Luxury Emerald Villas,,-8.7019746,115.2609734,osm_only,n/a,0,,False,,exact
osm-14074551202,Tini House Ubud,,-8.465534,115.2651399,osm_only,n/a,0,,False,,exact
osm-14108646603,Bamboo Turtle Ecolodge,,-8.5771774,115.2636479,osm_only,n/a,0,,False,,exact
osm-14118527601,Māua Nusa Penida,,-8.7011263,115.4755597,osm_only,n/a,0,,False,,exact
osm-14143771501,Puri Semesta villas,,-8.8216122,115.1003047,osm_only,n/a,0,,False,,exact
osm-14156673401,Hotel Ashva Swiss-Belresort,,-8.4873801,115.277049,osm_only,n/a,0,,False,,exact
osm-14159551413,Puri Pandawa Resort,,-8.8406319,115.1804192,osm_only,n/a,0,,False,,exact
osm-14168668913,Villa Jenggala by GORO,Gianyar,-8.4900762,115.2700817,osm_only,n/a,0,,False,,exact
osm-14168784769,Villa The Kayu by GORO,Gianyar,-8.4855093,115.2700554,osm_only,n/a,0,,False,,exact
osm-14168784781,Villa Talun by GORO,Gianyar,-8.4823635,115.2712917,osm_only,n/a,0,,False,,exact
osm-14168784786,Villa Gantari by GORO,Gianyar,-8.4776748,115.2692194,osm_only,n/a,0,,False,,exact
osm-14168821397,Villa Namiko by GORO,Badung,-8.8037147,115.1189031,osm_only,n/a,0,,False,,exact
osm-14168830182,Villa Janoor by GORO,Badung,-8.6715788,115.1510515,osm_only,n/a,0,,False,,exact
osm-14168830187,Villa Bayu by GORO,Badung,-8.6713473,115.151012,osm_only,n/a,0,,False,,exact
osm-14168927847,Villa Kulibul by GORO,Badung,-8.6403815,115.1546617,osm_only,n/a,0,,False,,exact
osm-14169019433,Villa Luja by GORO,Badung,-8.6332241,115.1515186,osm_only,n/a,0,,False,,exact
osm-14169218411,Tropical Space Hotel,,-8.5183795,115.2617793,osm_only,n/a,0,,False,,exact
osm-14171029496,Villa NA by GORO,Badung,-8.6622451,115.1407931,osm_only,n/a,0,,False,,exact
osm-14171029497,Villa Casa Amor by GORO,Berawa,-8.6574632,115.1433472,osm_only,n/a,0,,False,,exact
osm-14171029498,Villa Casa Riva by GORO,Badung,-8.6376064,115.1306925,osm_only,n/a,0,,False,,exact
osm-14171029500,Villa Lembah Giri by GORO,Gianyar,-8.5451624,115.26589,osm_only,n/a,0,,False,,exact
osm-14173867828,Alamdhari Villa Sidemen,,-8.4712754,115.4415728,osm_only,n/a,0,,False,,exact
osm-60550309,Alam Batu Beach Bungalow Resort,,-8.2367536,115.5623839,osm_only,n/a,0,,False,,exact
osm-97059276,Nefatari Exclusive Villas,,-8.5140418,115.2499733,osm_only,n/a,0,,False,,exact
osm-104254819,Inaya Putri Bali,"Nusa Dua, South Kuta, Badung, Bali",-8.8063332,115.2304432,osm_only,n/a,0,,False,,exact
osm-128058295,Pelangi Bali Hotel and Spa,,-8.6938746,115.1609139,osm_only,n/a,0,,False,,exact
osm-132240005,Four Seasons Bali at Jimbaran Bay,Jimbaran,-8.7833617,115.1586593,osm_only,n/a,0,,False,,exact
osm-132248361,Ayodya Resort Bali,Nusa Dua,-8.8086027,115.2293616,osm_only,n/a,0,,False,,exact
osm-132254595,Grand Hyatt Bali,"Nusa Dua, Badung, Bali",-8.8041416,115.2330213,osm_only,n/a,0,,False,,exact
osm-132275203,Puri Santrian,,-8.7091905,115.2586364,osm_only,n/a,0,,False,,exact
osm-132364752,Hilton Bali Resort,Nusa Dua,-8.8257603,115.218328,osm_only,n/a,0,,False,,exact
osm-132366910,"The Laguna, a Luxury Collection Resort & Spa, Nusa Dua, Bali","Nusa Dua, Bali",-8.797206,115.2316119,osm_only,n/a,0,,False,,exact
osm-132369067,Paradisus by Meliá Bali,"Nusa Dua, Bali",-8.7990494,115.2325751,osm_only,n/a,0,,False,,exact
osm-132369070,"The Westin Resort Nusa Dua, Bali","Nusa Dua, Bali",-8.7958493,115.2306151,osm_only,n/a,0,,False,,exact
osm-139854851,Sri Phala Resort and villa,,-8.6735927,115.2597201,osm_only,n/a,0,,False,,exact
osm-142099013,Bali Mandala Resort,,-8.1096616,115.3132689,osm_only,n/a,0,,False,,exact
osm-142225829,Shagri La,,-8.1097697,115.3148472,osm_only,n/a,0,,False,,exact
osm-154964054,Alila Spa Manggis,,-8.4998343,115.5376521,osm_only,n/a,0,,False,,exact
osm-157772054,New Kuta Hotel,,-8.8017264,115.1224992,osm_only,n/a,0,,False,,exact
osm-163418695,Villa Manuk,,-8.1586795,115.2007755,osm_only,n/a,0,,False,,exact
osm-165030860,Conrad Bali,Bali,-8.7805398,115.2254443,osm_only,n/a,0,,False,,exact
osm-168529203,Gaia-Oasis,,-8.1254745,115.3525788,osm_only,n/a,0,,False,,exact
osm-169540975,Prana Veda,,-8.1100576,115.3162104,osm_only,n/a,0,,False,,exact
osm-185231222,Hotel Pondok Sari Kuta,,-8.7344372,115.1753192,osm_only,n/a,0,,False,,exact
osm-185231262,Rama Residence Padma,,-8.7063049,115.1683918,osm_only,n/a,0,,False,,exact
osm-185231697,Billy's Bar,,-8.707645,115.1694127,osm_only,n/a,0,,False,,exact
osm-193314746,Swiss Belhotel Segara,,-8.8225807,115.2141321,osm_only,n/a,0,,False,,exact
osm-205496770,Dream Beach Hut's,,-8.6903925,115.4328182,osm_only,n/a,0,,False,,exact
osm-233417543,Mercure,,-8.7102733,115.2542976,osm_only,n/a,0,,False,,exact
osm-239076975,Puri Lumbung Cottages,,-8.2637799,115.0597245,osm_only,n/a,0,,False,,exact
osm-240054340,Hotel Bali Spark Resort,,-8.2823104,115.5983042,osm_only,n/a,0,,False,,exact
osm-240128975,Villa Taman Ujung,,-8.4627595,115.6293973,osm_only,n/a,0,,False,,exact
osm-248299519,The Ahimsa Beach,Jimbaran,-8.7729073,115.170681,osm_only,n/a,0,,False,,exact
osm-256163830,Padang Bai Beach Resort,,-8.5298889,115.5108297,osm_only,n/a,0,,False,,exact
osm-256164373,Bloo Lagoon Villas & Resort,,-8.5283925,115.5126446,osm_only,n/a,0,,False,,exact
osm-260599900,Discovery Kartika Plaza,Kuta,-8.7295769,115.1661853,osm_only,n/a,0,,False,,exact
osm-260599903,Padma Resort Legian,"Legian, Bali",-8.7050147,115.166754,osm_only,n/a,0,,False,,exact
osm-260599911,Pullman Bali Legian Beach,Legian,-8.7097052,115.167775,osm_only,n/a,0,,False,,exact
osm-260611645,W Bali - Seminyak,Seminyak,-8.6771131,115.1496799,osm_only,n/a,0,,False,,exact
osm-260613015,The Seminyak Beach Resort & Spa,Seminyak Beach,-8.6858844,115.1540945,osm_only,n/a,0,,False,,exact
osm-260613034,The Samaya,,-8.6845291,115.1532855,osm_only,n/a,0,,False,,exact
osm-260646644,Quest Hotel Kuta,"Tuban, Kuta, Bali",-8.7384074,115.1750842,osm_only,n/a,0,,False,,exact
osm-260665878,Tugu,,-8.6581921,115.130269,osm_only,n/a,0,,False,,exact
osm-269851460,Courtyard by Marriott Nusa Dua,"Nusa Dua, Bali",-8.8069262,115.2256341,osm_only,n/a,0,,False,,exact
osm-274475345,Teluk Karang Dive & Spa Resort,Penuktukan,-8.1391862,115.3956576,osm_only,n/a,0,,False,,exact
osm-280675006,Cili Emas Oceanside Resort,Tejakula,-8.118797,115.3442927,osm_only,n/a,0,,False,,exact
osm-286882629,Jenggala bungalows and restaurant,,-8.6726682,115.4490849,osm_only,n/a,0,,False,,exact
osm-288789490,Benayasa II Hotel,Kuta,-8.7113477,115.1707328,osm_only,n/a,0,,False,,exact
osm-304194196,Den Bukit Hotel & Residences,Jimbaran,-8.7889693,115.1715553,osm_only,n/a,0,,False,,exact
osm-308368657,Sunshine Bungalows,Karangasem,-8.3427199,115.6687495,osm_only,n/a,0,,False,,exact
osm-309214701,Golden Tulip,Kuta,-8.7184307,115.1836775,osm_only,n/a,0,,False,,exact
osm-311676971,Inna Hotel Bali,Denpasar,-8.6547623,115.2169096,osm_only,n/a,0,,False,,exact
osm-311676972,Wing Barat Inna Hotel Bali,,-8.6546816,115.2166023,osm_only,n/a,0,,False,,exact
osm-311863932,Hotel Pop! Teuku Umar Denpasar,Denpasar,-8.6796712,115.2033926,osm_only,n/a,0,,False,,exact
osm-312071764,Hotel Puri Ayu,Denpasar,-8.667949,115.2173799,osm_only,n/a,0,,False,,exact
osm-312388081,Hotel Lifestyle Express,Denpasar,-8.6785058,115.205697,osm_only,n/a,0,,False,,exact
osm-314697659,Hotel Damai,Denpasar,-8.6686934,115.2161701,osm_only,n/a,0,,False,,exact
osm-314697660,Hotel Grand Santhi,Denpasar,-8.6682179,115.2164676,osm_only,n/a,0,,False,,exact
osm-314697662,Santosa City Hotel,Denpasar,-8.6687473,115.2168282,osm_only,n/a,0,,False,,exact
osm-315896420,Hotel Ratu,Denpasar,-8.667798,115.2160191,osm_only,n/a,0,,False,,exact
osm-316778993,Hotel Artha,,-8.6703946,115.2163061,osm_only,n/a,0,,False,,exact
osm-316900946,Hotel Raya,Denpasar,-8.6588092,115.2132605,osm_only,n/a,0,,False,,exact
osm-316902541,Hotel Ibis Styles Bali Denpasar,Denpasar,-8.6790837,115.2053918,osm_only,n/a,0,,False,,exact
osm-316903703,Hotel Luxio,Denpasar,-8.6809172,115.2001603,osm_only,n/a,0,,False,,exact
osm-321100608,Hotel Viking,Denpasar,-8.6672232,115.214856,osm_only,n/a,0,,False,,exact
osm-321257224,Hotel Grand Chandra,Denpasar,-8.6640207,115.215076,osm_only,n/a,0,,False,,exact
osm-321796449,Griya Renon,Denpasar,-8.6733857,115.2326132,osm_only,n/a,0,,False,,exact
osm-322450749,Hotel Suranadhi 3,Denpasar,-8.6570438,115.2298877,osm_only,n/a,0,,False,,exact
osm-322569018,Four Star by Trans Hotel Denpasar,Denpasar,-8.6740592,115.2424903,osm_only,n/a,0,,False,,exact
osm-322895701,Hotel Intansari,Denpasar,-8.6581816,115.2096061,osm_only,n/a,0,,False,,exact
osm-324194147,Hotel Mutiara Indah,Denpasar,-8.6566426,115.2095123,osm_only,n/a,0,,False,,exact
osm-325053101,Mega Boutique Hotel & Spa,Kuta,-8.721133,115.1864573,osm_only,n/a,0,,False,,exact
osm-327028277,Hotel Lingsar,,-8.6564552,115.2104795,osm_only,n/a,0,,False,,exact
osm-338317755,Komaneka at Bisma,,-8.5127854,115.2568613,osm_only,n/a,0,,False,,exact
osm-339276676,Hotel Sanur Agung,Denpasar,-8.672417,115.2581124,osm_only,n/a,0,,False,,exact
osm-349644840,Pondok Bambu,,-8.5099455,115.569996,osm_only,n/a,0,,False,,exact
osm-355079974,Bali Paragon Resort Hotel,Jimbaran,-8.7848041,115.1778849,osm_only,n/a,0,,False,,exact
osm-361564238,Matahari Beach Resort & Spa,Bali,-8.1472287,114.6653319,osm_only,n/a,0,,False,,exact
osm-362782531,Budget Door Legian Inn,,-8.7166398,115.1733282,osm_only,n/a,0,,False,,exact
osm-362800571,OYO 2411 Taman Mekar Beach Inn 2,,-8.7171764,115.1734199,osm_only,n/a,0,,False,,exact
osm-363142313,Penginapan Pondok Seruni,Denpasar,-8.6480418,115.2241541,osm_only,n/a,0,,False,,exact
osm-363144933,Hotel Bali Rama,Denpasar,-8.6595517,115.2391358,osm_only,n/a,0,,False,,exact
osm-363343442,Hotel Batik Winotosastro,Denpasar,-8.6609106,115.2391788,osm_only,n/a,0,,False,,exact
osm-365819703,Matahari Terbit,,-8.7740224,115.2233507,osm_only,n/a,0,,False,,exact
osm-367257189,Hotel Rai,Denpasar,-8.6718788,115.2158134,osm_only,n/a,0,,False,,exact
osm-367257208,Hotel d'Oka House,Denpasar,-8.6708295,115.2142942,osm_only,n/a,0,,False,,exact
osm-367608351,Hotel Oranjje,Denpasar,-8.6720332,115.2435957,osm_only,n/a,0,,False,,exact
osm-367812650,Hotel Puri Kedaton,Denpasar,-8.6578763,115.2290701,osm_only,n/a,0,,False,,exact
osm-367969163,Ina House Sudirman,,-8.6764738,115.2179678,osm_only,n/a,0,,False,,exact
osm-369616293,Aston Denpasar Hotel & Convention Centre,Denpasar,-8.6399284,115.2061687,osm_only,n/a,0,,False,,exact
osm-371348514,Hotel Jaya,Denpasar,-8.6585966,115.2150884,osm_only,n/a,0,,False,,exact
osm-371348524,Hotel Pendawa,Denpasar,-8.6586118,115.215854,osm_only,n/a,0,,False,,exact
osm-372204820,Hotel Dewi Karya,Denpasar,-8.6415838,115.221485,osm_only,n/a,0,,False,,exact
osm-372204825,Hotel Nuansa Indah,Denpasar,-8.6376092,115.2229802,osm_only,n/a,0,,False,,exact
osm-372204829,Hotel Taman Wisata,Denpasar,-8.6372997,115.2229758,osm_only,n/a,0,,False,,exact
osm-372204831,Hotel Dewata Indah,Denpasar,-8.6369679,115.22302,osm_only,n/a,0,,False,,exact
osm-372311397,Hotel Puri Royan,Denpasar,-8.6781372,115.2050603,osm_only,n/a,0,,False,,exact
osm-373775428,Hotel Wisata Indah,Denpasar,-8.6967081,115.2273864,osm_only,n/a,0,,False,,exact
osm-373775439,Hotel Nirwana Suites,Denpasar,-8.692238,115.2265797,osm_only,n/a,0,,False,,exact
osm-374684657,Hotel MarsCity,Denpasar,-8.6985562,115.2342212,osm_only,n/a,0,,False,,exact
osm-374814746,Bungalow Puri Suwung,Denpasar,-8.7114687,115.2219626,osm_only,n/a,0,,False,,exact
osm-375048175,Hotel Merta Sari,Denpasar,-8.6586179,115.2152585,osm_only,n/a,0,,False,,exact
osm-375347743,Hotel Pop! Cokroaminoto,Denpasar,-8.6448264,115.2077656,osm_only,n/a,0,,False,,exact
osm-375347744,Hotel Harris Cokroaminoto,Denpasar,-8.6448231,115.2085979,osm_only,n/a,0,,False,,exact
osm-375354109,Hotel Warta Dua,Denpasar,-8.6415632,115.2095049,osm_only,n/a,0,,False,,exact
osm-375489738,Hotel Praja,Denpasar,-8.6713176,115.2394363,osm_only,n/a,0,,False,,exact
osm-375768951,Hotel Nikki,"Denpasar, Bali",-8.638994,115.2175209,osm_only,n/a,0,,False,,exact
osm-375809330,Puri Warisan Agung,,-8.6427705,115.155671,osm_only,n/a,0,,False,,exact
osm-376176104,Intercontinental Bali Sanur Resort,Sanur,-8.7055998,115.2625114,osm_only,n/a,0,,False,,exact
osm-377149261,Koa D'Surfer Hotel,,-8.6644176,115.1417008,osm_only,n/a,0,,False,,exact
osm-377149262,Villa Berawa,,-8.6643246,115.1422014,osm_only,n/a,0,,False,,exact
osm-379896090,The Vasini,,-8.640004,115.253501,osm_only,n/a,0,,False,,exact
osm-379902957,Purnama Hotel,Denpasar,-8.6400264,115.2074986,osm_only,n/a,0,,False,,exact
osm-380087302,Hotel Guntur,Denpasar,-8.6358209,115.2512363,osm_only,n/a,0,,False,,exact
osm-381412568,Omatha Village,Denpasar,-8.6515382,115.239542,osm_only,n/a,0,,False,,exact
osm-383758370,Hotel Hawaina,,-8.1195531,115.073485,osm_only,n/a,0,,False,,exact
osm-383758402,Hotel Grand Wijaya,,-8.1159307,115.0809971,osm_only,n/a,0,,False,,exact
osm-389123402,1000 Dream Bungalow & Restaurant,Singaraja,-8.1291351,115.0603555,osm_only,n/a,0,,False,,exact
osm-390600215,Puri Priskila Nirwana,,-8.6585556,115.1636261,osm_only,n/a,0,,False,,exact
osm-390600369,Bubble Guest House,,-8.6586043,115.1631581,osm_only,n/a,0,,False,,exact
osm-390603749,Lagita Place Kerobokan Kelod,,-8.6584376,115.1622666,osm_only,n/a,0,,False,,exact
osm-390608579,Elite Havens Luxury Villa Rentals,,-8.6573968,115.1629684,osm_only,n/a,0,,False,,exact
osm-392376826,Champlung Mas,,-8.7102952,115.1696534,osm_only,n/a,0,,False,,exact
osm-392384246,Abi Bali,,-8.7927816,115.1536553,osm_only,n/a,0,,False,,exact
osm-392877534,The St. Regis Bali Resort,Nusa Dua,-8.8129049,115.2272678,osm_only,n/a,0,,False,,exact
osm-395858469,The Aveda Boutique Hotel Kerobokan Kelod,,-8.6720174,115.1626389,osm_only,n/a,0,,False,,exact
osm-395858534,Fave,"Kerobokan, Kuta, Bali, Indonesia",-8.6712207,115.1631584,osm_only,n/a,0,,False,,exact
osm-402099850,Easy Surf Dacha,Canggu,-8.6523879,115.126327,osm_only,n/a,0,,False,,exact
osm-405595895,The Yani Hotel,Denpasar,-8.7170633,115.2168659,osm_only,n/a,0,,False,,exact
osm-405950705,Hotel Puri Alit,Denpasar,-8.6531142,115.2108488,osm_only,n/a,0,,False,,exact
osm-405961383,Hotel Darma Wisata,Denpasar,-8.6671694,115.2064875,osm_only,n/a,0,,False,,exact
osm-405961389,Hotel Taman Suci,Denpasar,-8.6633609,115.208216,osm_only,n/a,0,,False,,exact
osm-406116184,The Graha Cakra Bali Hotel,Denpasar,-8.6422489,115.2539876,osm_only,n/a,0,,False,,exact
osm-414514986,Hotel Cozystay,,-8.6871571,115.1847449,osm_only,n/a,0,,False,,exact
osm-414611129,Hotel Catur Adiputra,Denpasar,-8.6623204,115.2112404,osm_only,n/a,0,,False,,exact
osm-416084286,Hotel Harris Kuta Galleria,Kuta,-8.7222212,115.1862158,osm_only,n/a,0,,False,,exact
osm-418975378,Hotel Sakura,Denpasar,-8.6520751,115.2119007,osm_only,n/a,0,,False,,exact
osm-419454708,Hotel Sooly,Denpasar,-8.6453274,115.2235218,osm_only,n/a,0,,False,,exact
osm-419467848,Hotel Mercure Harvestland Kuta,Kuta,-8.7273862,115.1806835,osm_only,n/a,0,,False,,exact
osm-419639211,Hotel Aget Jaya,Denpasar,-8.6361927,115.2189552,osm_only,n/a,0,,False,,exact
osm-420579911,LOCOMOTIVE Hotel and Spa,Jungut Batu,-8.6730539,115.4489036,osm_only,n/a,0,,False,,exact
osm-422210245,Sayang Residence II,Denpasar,-8.6979752,115.2264691,osm_only,n/a,0,,False,,exact
osm-423694262,Villa Bhuana Alit,,-8.5259673,115.2689794,osm_only,n/a,0,,False,,exact
osm-424026242,Maxihotel,Jimbaran,-8.7644791,115.1782165,osm_only,n/a,0,,False,,exact
osm-424026254,Hotel Horison Jimbaran,,-8.762234,115.1781738,osm_only,n/a,0,,False,,exact
osm-424032327,Natya Hotel,Kuta,-8.7266543,115.1798074,osm_only,n/a,0,,False,,exact
osm-424223224,Hotel Princess Keisha,Denpasar,-8.6795041,115.1882465,osm_only,n/a,0,,False,,exact
osm-424227013,Koi Hotel & Residence,Denpasar,-8.6764391,115.1911713,osm_only,n/a,0,,False,,exact
osm-425870940,Cityzen Renon,Denpasar,-8.6743149,115.2339413,osm_only,n/a,0,,False,,exact
osm-428468514,Hotel Niki Rusdi,Denpasar,-8.6349975,115.2045702,osm_only,n/a,0,,False,,exact
osm-428468526,Hotel Griya Anom Sari,Denpasar,-8.6349073,115.2039129,osm_only,n/a,0,,False,,exact
osm-428468553,Hotel Mertasari,Denpasar,-8.6345407,115.2036059,osm_only,n/a,0,,False,,exact
osm-428468556,Graha Puspita Sari,Denpasar,-8.6344275,115.2034005,osm_only,n/a,0,,False,,exact
osm-428468558,Hotel Tiana,Denpasar,-8.6373645,115.2067358,osm_only,n/a,0,,False,,exact
osm-428468560,Hotel Mahajaya,Denpasar,-8.6375164,115.2067049,osm_only,n/a,0,,False,,exact
osm-428468568,Hotel Adiguna,Denpasar,-8.6370633,115.2039209,osm_only,n/a,0,,False,,exact
osm-428468572,Wisma Warta Puspita,Denpasar,-8.637284,115.2032887,osm_only,n/a,0,,False,,exact
osm-428482465,Hotel Diana,Denpasar,-8.6367943,115.2041646,osm_only,n/a,0,,False,,exact
osm-428482469,Hotel Satria,Denpasar,-8.6366968,115.2034411,osm_only,n/a,0,,False,,exact
osm-428482473,Hotel Ferry Antho,Denpasar,-8.6365244,115.2029057,osm_only,n/a,0,,False,,exact
osm-428482500,Hotel Batukaru,Denpasar,-8.6312695,115.2034919,osm_only,n/a,0,,False,,exact
osm-428482536,Hotel Warta Sari,Denpasar,-8.6335196,115.2063584,osm_only,n/a,0,,False,,exact
osm-428482539,Hotel Warta Sari 2,Denpasar,-8.6373585,115.203567,osm_only,n/a,0,,False,,exact
osm-428482546,Hotel Osella 2,Denpasar,-8.6374165,115.2044071,osm_only,n/a,0,,False,,exact
osm-429436265,Hotel Ganitri Oka,Amlapura,-8.4511765,115.6053889,osm_only,n/a,0,,False,,exact
osm-429820104,Hotel Amora,,-8.4481487,115.5903534,osm_only,n/a,0,,False,,exact
osm-430282740,Villa Kangkung,,-8.4785719,115.6203872,osm_only,n/a,0,,False,,exact
osm-430282754,Aashaya Jasri Resort,Jasri,-8.478827,115.6215246,osm_only,n/a,0,,False,,exact
osm-431129522,Penginapan Kertayasa,Amlapura,-8.4366028,115.5923994,osm_only,n/a,0,,False,,exact
osm-438369768,Four Points by Sheraton Seminyak,,-8.6737897,115.1527155,osm_only,n/a,0,,False,,exact
osm-438460418,Pondok Baruna Garden,,-8.6730909,115.447912,osm_only,n/a,0,,False,,exact
osm-440001702,Villa Matanai,,-8.4820291,115.618039,osm_only,n/a,0,,False,,exact
osm-440001717,Villa Campuhan,,-8.4755204,115.6254153,osm_only,n/a,0,,False,,exact
osm-441401456,The Camakila Legian Bali,"Legian, Bali",-8.7008968,115.165848,osm_only,n/a,0,,False,,exact
osm-441403996,Puri Saron Hotel Seminyak,,-8.6944334,115.1621557,osm_only,n/a,0,,False,,exact
osm-444897490,Puri Maharani Boutique & Spa,Denpasar,-8.6423596,115.2539429,osm_only,n/a,0,,False,,exact
osm-445056704,Hotel Suli,Denpasar,-8.6473626,115.2227865,osm_only,n/a,0,,False,,exact
osm-445068763,The Mulia Bali,Nusa Dua,-8.8168539,115.2224087,osm_only,n/a,0,,False,,exact
osm-445434272,DTunjung,,-8.5118872,115.5733324,osm_only,n/a,0,,False,,exact
osm-446609095,Hotel Gatsu Indah,Denpasar,-8.6392517,115.2027862,osm_only,n/a,0,,False,,exact
osm-447020683,Bali Kepundung Hotel,,-8.6511285,115.2209953,osm_only,n/a,0,,False,,exact
osm-447637462,Hotel Kayu Mas Inn,,-8.6562502,115.2206737,osm_only,n/a,0,,False,,exact
osm-448777762,Hotel Mertasari Jw. Menuh,Denpasar,-8.6342967,115.2015214,osm_only,n/a,0,,False,,exact
osm-448777777,Hotel Puspa Indah I,Denpasar,-8.633317,115.2000917,osm_only,n/a,0,,False,,exact
osm-448777786,Hotel Pulau Bali,Denpasar,-8.6560251,115.2092975,osm_only,n/a,0,,False,,exact
osm-450023238,Hotel Grand Mirah,Denpasar,-8.6553223,115.2183639,osm_only,n/a,0,,False,,exact
osm-450526495,Hotel Bagasta Bali,Denpasar,-8.6255108,115.194959,osm_only,n/a,0,,False,,exact
osm-464478882,Avisara Villa & GuestHouse,,-8.7960887,115.2033429,osm_only,n/a,0,,False,,exact
osm-467606162,Hotel Puri Samaritan,Denpasar,-8.6749672,115.2308309,osm_only,n/a,0,,False,,exact
osm-467906152,Sekar Sari Residence,Denpasar,-8.6918137,115.1887691,osm_only,n/a,0,,False,,exact
osm-467906190,Hotel Jayagiri,Denpasar,-8.6928909,115.1896513,osm_only,n/a,0,,False,,exact
osm-468408202,b Hotel & Spa,Denpasar,-8.7033723,115.1833707,osm_only,n/a,0,,False,,exact
osm-475110108,Villa The Cloud,,-8.5633468,115.0386604,osm_only,n/a,0,,False,,exact
osm-475110110,Boutique Hotel Sensation,,-8.563274,115.038431,osm_only,n/a,0,,False,,exact
osm-475110214,Five Elements Bali-Club House,,-8.5619865,115.0371437,osm_only,n/a,0,,False,,exact
osm-475110304,LUX Tibubiu,,-8.5623201,115.0363662,osm_only,n/a,0,,False,,exact
osm-475110313,bali absolute beach front villa,,-8.5598382,115.0332968,osm_only,n/a,0,,False,,exact
osm-475110322,Pantai Hitam Villa,,-8.5607939,115.0345375,osm_only,n/a,0,,False,,exact
osm-475618188,Bali Reef Resort,Badung,-8.7636484,115.2227357,osm_only,n/a,0,,False,,exact
osm-476960466,Melka,,-8.154571,115.0372876,osm_only,n/a,0,,False,,exact
osm-484553419,Masia villa Ubud,Ubud,-8.4975148,115.2616575,osm_only,n/a,0,,False,,exact
osm-486092066,Bayt Kaboki Hotel,Kuta,-8.7202036,115.1851614,osm_only,n/a,0,,False,,exact
osm-486096022,Kimono Hotel,Kuta,-8.725685,115.1811516,osm_only,n/a,0,,False,,exact
osm-488227290,Letos Kubu,,-8.713007,115.1712418,osm_only,n/a,0,,False,,exact
osm-491902542,Swiss-Belhotel Segara,Nusa Dua,-8.8225656,115.2140897,osm_only,n/a,0,,False,,exact
osm-492592663,Pop! Hotel,Jimbaran,-8.7848,115.1984915,osm_only,n/a,0,,False,,exact
osm-492592664,Mahogany Hotel,"Mumbul, Nusa Dua, Bali",-8.7847197,115.1988419,osm_only,n/a,0,,False,,exact
osm-492592666,INFINITY8 BALI HOTEL,Jimbaran,-8.782556,115.1839414,osm_only,n/a,0,,False,,exact
osm-492726497,Hotel Puri Nusa Indah,Denpasar,-8.6492492,115.2335081,osm_only,n/a,0,,False,,exact
osm-492726553,Hotel Bali Hoky,,-8.6787024,115.2576969,osm_only,n/a,0,,False,,exact
osm-493003814,Park Regis Kuta,Kuta,-8.7202337,115.1796356,osm_only,n/a,0,,False,,exact
osm-493015399,The Patra Jasa Bali Resort & Villas,Kuta,-8.7393865,115.1628822,osm_only,n/a,0,,False,,exact
osm-493153498,The Jimbaran View,Ungasan,-8.8121475,115.1568093,osm_only,n/a,0,,False,,exact
osm-493153500,MaxOnehotels.com @ Bukit Jimbaran,Ungasan,-8.8125129,115.1578894,osm_only,n/a,0,,False,,exact
osm-493153501,"Four Points by Sheraton Bali, Ungasan",Ungasan,-8.8089241,115.1588267,osm_only,n/a,0,,False,,exact
osm-493153504,Golden Tulip Bay View Hotel & Convention Bali,,-8.8087999,115.1588354,osm_only,n/a,0,,False,,exact
osm-493867776,The Lerina Hotel,Nusa Dua,-8.7860552,115.2019763,osm_only,n/a,0,,False,,exact
osm-496243927,Hotel Gianyar,Gianyar,-8.5395464,115.323482,osm_only,n/a,0,,False,,exact
osm-496532480,Villa Mandala,,-8.4843399,115.6163861,osm_only,n/a,0,,False,,exact
osm-497979355,Best Western,Ungasan,-8.803145,115.1593036,osm_only,n/a,0,,False,,exact
osm-498067062,Hotel Puri Tamu,Jimbaran,-8.7952376,115.1620492,osm_only,n/a,0,,False,,exact
osm-498067096,3 Princess Boutique Hotel,Jimbaran,-8.7895137,115.1638431,osm_only,n/a,0,,False,,exact
osm-499051716,Grand Jimbaran,Jimbaran,-8.7834678,115.1731645,osm_only,n/a,0,,False,,exact
osm-499067320,Shita Hotel,Jimbaran,-8.7838102,115.1725881,osm_only,n/a,0,,False,,exact
osm-502481645,Kama Bisma,,-8.5129615,115.2584817,osm_only,n/a,0,,False,,exact
osm-502487142,Hotel,,-8.184091,114.9079383,osm_only,n/a,0,,False,,exact
osm-503586238,The Leaf Jimbaran,Jimbaran,-8.7981705,115.1504161,osm_only,n/a,0,,False,,exact
osm-504556919,Agung Bali Nirwana Luxury Villas & Spa,Sambirenteng,-8.1413281,115.3999802,osm_only,n/a,0,,False,,exact
osm-505285054,Sofitel Bali Nusa Dua Beach Resort,Nusa Dua,-8.7917009,115.2301877,osm_only,n/a,0,,False,,exact
osm-505287946,RIMBA Jimbaran Bali,"Jimbaran, Kuta, Bali",-8.7925931,115.1394031,osm_only,n/a,0,,False,,exact
osm-505287955,Ayana Resort and Spa,,-8.7857797,115.1375642,osm_only,n/a,0,,False,,exact
osm-505555489,Intercontinental Bali Resort,Jimbaran,-8.7785754,115.1666999,osm_only,n/a,0,,False,,exact
osm-508141284,Penginapan,,-8.1896517,114.9199444,osm_only,n/a,0,,False,,exact
osm-512374852,Villa Sonia,Ubud,-8.5165469,115.259056,osm_only,n/a,0,,False,,exact
osm-512374876,Champlung Sari Hotel,,-8.5173996,115.2602234,osm_only,n/a,0,,False,,exact
osm-512635001,The Studio Inn,,-8.7980572,115.2227731,osm_only,n/a,0,,False,,exact
osm-512635008,Dharma Gita Guest House,,-8.7954366,115.215072,osm_only,n/a,0,,False,,exact
osm-513998003,Hilton Garden Inn Bali Nusa Dua,Nusa Dua,-8.7823257,115.2243177,osm_only,n/a,0,,False,,exact
osm-519464575,Puri Sebali Resort,Keliki,-8.471126,115.2579342,osm_only,n/a,0,,False,,exact
osm-520765226,The Kana Kuta Hotel,Kuta,-8.7213122,115.1810938,osm_only,n/a,0,,False,,exact
osm-520765247,Hotel Mulyosari,Kuta,-8.7222162,115.1805948,osm_only,n/a,0,,False,,exact
osm-520772688,Alron Hotel,Kuta,-8.7244919,115.1784141,osm_only,n/a,0,,False,,exact
osm-520799045,Suris Boutique Hotel,"Kuta, Kabupaten Badung, Bali, Indonesia",-8.7233237,115.1777522,osm_only,n/a,0,,False,,exact
osm-521063784,Sanjaya Hotel & Spa,,-8.7173349,115.1748656,osm_only,n/a,0,,False,,exact
osm-521374968,Pondok Pramesti Apartement,,-8.6950853,115.1941227,osm_only,n/a,0,,False,,exact
osm-522840300,Sri Kresna Guest House Kerobokan,,-8.6443229,115.1600862,osm_only,n/a,0,,False,,exact
osm-522853994,Kost Bli Ketut,,-8.6431886,115.1763175,osm_only,n/a,0,,False,,exact
osm-522895291,Nirmala Hotel & Convention Center,Denpasar,-8.6592845,115.1915577,osm_only,n/a,0,,False,,exact
osm-522903988,Pemondokan Pulau Seribu 21 Dauh Puri Klod,,-8.6737263,115.2106679,osm_only,n/a,0,,False,,exact
osm-522920110,Pondok Nyaman 15 Dauh Puri Klod,,-8.6785784,115.2117789,osm_only,n/a,0,,False,,exact
osm-522920143,Serayu Timor Residence Dauh Puri Klod,,-8.6771997,115.2121546,osm_only,n/a,0,,False,,exact
osm-523525447,Pondok Kori Bata Hotel,,-8.6396571,115.1877076,osm_only,n/a,0,,False,,exact
osm-523527613,Penginapan Sandat Bali 1,,-8.6382782,115.1862337,osm_only,n/a,0,,False,,exact
osm-523784398,Anugerah Guest House Pemecutan Klod,,-8.6800186,115.1944929,osm_only,n/a,0,,False,,exact
osm-523792144,Matahari Guesthouse Pemecutan Klod,,-8.6841344,115.1965418,osm_only,n/a,0,,False,,exact
osm-523866423,Bali Yuai Mansion Dauh Puri Klod,,-8.6802754,115.2096336,osm_only,n/a,0,,False,,exact
osm-523933642,Link Costel Denpasar,,-8.6809522,115.2059499,osm_only,n/a,0,,False,,exact
osm-523934201,D'Kubu Mandiri Homestay Pedungan,,-8.6838815,115.2031021,osm_only,n/a,0,,False,,exact
osm-523937120,OYO 1949 Vrindavan Residence,,-8.6805651,115.1987005,osm_only,n/a,0,,False,,exact
osm-524408199,Puri Saron Denpasar Hotel,"Padangsambian Kaja, Denpasar, Bali",-8.6371151,115.1835269,osm_only,n/a,0,,False,,exact
osm-524408207,Golden Tulip Essential Denpasar,Denpasar,-8.6358577,115.1932365,osm_only,n/a,0,,False,,exact
osm-524408208,Hotel Neo Denpasar,Denpasar,-8.6367405,115.1929294,osm_only,n/a,0,,False,,exact
osm-529848471,Selang Resort,,-8.3581515,115.6962034,osm_only,n/a,0,,False,,exact
osm-529851627,Tapa Agung View,,-8.4099306,115.4256266,osm_only,n/a,0,,False,,exact
osm-530157007,Ring Sameton,,-8.6782361,115.5135478,osm_only,n/a,0,,False,,exact
osm-531055565,Dua Dara Inn,,-8.7178485,115.1728012,osm_only,n/a,0,,False,,exact
osm-531055574,Gora Beach Inn,,-8.7169258,115.1732435,osm_only,n/a,0,,False,,exact
osm-535419941,Mahagiri,,-8.4232145,115.4282251,osm_only,n/a,0,,False,,exact
osm-536846139,Amatara Agung Raka,,-8.5250494,115.2615087,osm_only,n/a,0,,False,,exact
osm-536946614,The Vie Residence Benoa,,-8.7897181,115.2119694,osm_only,n/a,0,,False,,exact
osm-539425279,Parigata hotel,,-8.6972549,115.2644925,osm_only,n/a,0,,False,,exact
osm-539811812,Legian Beach Hotel,"Legian, Badung",-8.7080749,115.1676064,osm_only,n/a,0,,False,,exact
osm-540341378,Ud Sederhana,,-8.3337698,115.639686,osm_only,n/a,0,,False,,exact
osm-540561700,Nusa Indah Candidasa,Karangasem,-8.5039675,115.5533544,osm_only,n/a,0,,False,,exact
osm-541230860,Yoga Balé House,,-8.5344268,115.5047061,osm_only,n/a,0,,False,,exact
osm-544365798,The Rich Prada Hotel,,-8.798011,115.1230858,osm_only,n/a,0,,False,,exact
osm-544365806,Karma Kandara Beach,,-8.8454742,115.1527167,osm_only,n/a,0,,False,,exact
osm-544365810,Alila Villas,,-8.844737,115.1366844,osm_only,n/a,0,,False,,exact
osm-544365813,Khayangan Estate,,-8.8440805,115.1177378,osm_only,n/a,0,,False,,exact
osm-548194175,Ohana Home Stay,,-8.6509519,115.1356795,osm_only,n/a,0,,False,,exact
osm-551641537,Mandala Desa,,-8.5931235,115.2736438,osm_only,n/a,0,,False,,exact
osm-556162979,villa 1,,-8.6026826,115.1414458,osm_only,n/a,0,,False,,exact
osm-556162980,Villa 3,,-8.6028899,115.1418675,osm_only,n/a,0,,False,,exact
osm-556162992,villa 2,,-8.6028423,115.1416349,osm_only,n/a,0,,False,,exact
osm-560609941,Villa Anugrah,,-8.8176514,115.0879173,osm_only,n/a,0,,False,,exact
osm-560609943,Uluwatu Surf Villa,,-8.8193604,115.0875065,osm_only,n/a,0,,False,,exact
osm-560609968,Uluwatu Cottages,,-8.8142994,115.0922216,osm_only,n/a,0,,False,,exact
osm-560615648,Grand Zuri Hotel Kuta Bali,Badung,-8.7118096,115.1816844,osm_only,n/a,0,,False,,exact
osm-560622399,Kusuma House,,-8.7135594,115.1821058,osm_only,n/a,0,,False,,exact
osm-560622436,Pondok Aryaman,,-8.7131664,115.1825017,osm_only,n/a,0,,False,,exact
osm-560639481,Gaing Mas Jimbaran Villas,,-8.770929,115.1789099,osm_only,n/a,0,,False,,exact
osm-560850958,Mentari Sanur Hotel,,-8.673188,115.2611102,osm_only,n/a,0,,False,,exact
osm-560871233,The Legian Bali,,-8.6845163,115.1534151,osm_only,n/a,0,,False,,exact
osm-560871419,C151 Smart Villas Seminyak,,-8.6875025,115.1571752,osm_only,n/a,0,,False,,exact
osm-560871739,Staman Villas,,-8.6879219,115.1572111,osm_only,n/a,0,,False,,exact
osm-560871758,The Elysian Boutique Villa Hotel Bali,,-8.6880815,115.157927,osm_only,n/a,0,,False,,exact
osm-560872522,Ganesh Nagi Kost,,-8.7679172,115.1810914,osm_only,n/a,0,,False,,exact
osm-560876369,Hotel Alit Beach,,-8.6736021,115.2623713,osm_only,n/a,0,,False,,exact
osm-560919637,21 Lodge,,-8.798399,115.216877,osm_only,n/a,0,,False,,exact
osm-561187073,Anew Pavilliun Homestay,,-8.7197124,115.1942284,osm_only,n/a,0,,False,,exact
osm-562640499,Bali Sunyi Villa B,,-8.8255861,115.1523603,osm_only,n/a,0,,False,,exact
osm-562640500,Bali Sunyi Villa A,,-8.8257086,115.1523706,osm_only,n/a,0,,False,,exact
osm-562668230,Mawali Villas Ungasan,,-8.8154823,115.1548015,osm_only,n/a,0,,False,,exact
osm-562932262,Pondok Jempiring Kuta,,-8.731332,115.1800714,osm_only,n/a,0,,False,,exact
osm-562955478,The Golden Village,,-8.6893441,115.1662431,osm_only,n/a,0,,False,,exact
osm-562955507,Villa Tiga Puluh,,-8.6886183,115.1627941,osm_only,n/a,0,,False,,exact
osm-562955630,Villa Sari Dewi,,-8.6884282,115.1596066,osm_only,n/a,0,,False,,exact
osm-562955634,Villa Kinara,,-8.6883034,115.1591093,osm_only,n/a,0,,False,,exact
osm-562955636,Villa Vitari Seminyak Bali,,-8.6886532,115.1593671,osm_only,n/a,0,,False,,exact
osm-562955639,Villa Kazari Jinja,,-8.6886923,115.1599732,osm_only,n/a,0,,False,,exact
osm-562955644,Villa Sarah Seminyak,,-8.6889605,115.1597889,osm_only,n/a,0,,False,,exact
osm-562965094,La Belle Villa,,-8.6889342,115.1728276,osm_only,n/a,0,,False,,exact
osm-562965097,Villa Gili Ikona,,-8.6876063,115.1703666,osm_only,n/a,0,,False,,exact
osm-562965103,Nyuh Bali Villas,,-8.6874965,115.1703093,osm_only,n/a,0,,False,,exact
osm-562965113,Sense Sunset Seminyak,"Badung, Bali",-8.6883166,115.1710823,osm_only,n/a,0,,False,,exact
osm-562965162,Clio Apartments Bali,,-8.6878605,115.168666,osm_only,n/a,0,,False,,exact
osm-562965166,Arvina Villas,,-8.6878531,115.1684297,osm_only,n/a,0,,False,,exact
osm-562965196,Minggu Villas,,-8.6888469,115.1687049,osm_only,n/a,0,,False,,exact
osm-562965218,Villa Ashmik,,-8.6890054,115.168572,osm_only,n/a,0,,False,,exact
osm-562971650,Kubu Sunset Apartments,,-8.6884571,115.1722065,osm_only,n/a,0,,False,,exact
osm-562974006,Kosta Hostel Seminyak,,-8.6866392,115.172902,osm_only,n/a,0,,False,,exact
osm-563163753,Villa Kori Bali,,-8.6901351,115.1752509,osm_only,n/a,0,,False,,exact
osm-563164281,Villa River Garden Kerobokan Kelod,,-8.6679177,115.151206,osm_only,n/a,0,,False,,exact
osm-563164286,Villa Delima Kerobokan Kelod,,-8.6643282,115.1542021,osm_only,n/a,0,,False,,exact
osm-563164311,Baliana Villas Umalas,,-8.6654858,115.1545507,osm_only,n/a,0,,False,,exact
osm-563164390,Aki Villa Umalas,,-8.6677275,115.1536136,osm_only,n/a,0,,False,,exact
osm-563171775,Snapna Villa Tibubeneng,,-8.6658171,115.1479236,osm_only,n/a,0,,False,,exact
osm-563173026,The Blue Moon Villa,,-8.8094308,115.1605273,osm_only,n/a,0,,False,,exact
osm-563173030,Amavera Private Residence,,-8.8093459,115.1602003,osm_only,n/a,0,,False,,exact
osm-563173045,Tigadis Villa Ungasan,,-8.8108353,115.1606973,osm_only,n/a,0,,False,,exact
osm-563173083,The Kirana Ungasan,,-8.8134663,115.1587305,osm_only,n/a,0,,False,,exact
osm-563173317,Sultans Of Swell,,-8.8181085,115.1590087,osm_only,n/a,0,,False,,exact
osm-563175690,Avani Seminyak Bali Resort,,-8.6880355,115.1648541,osm_only,n/a,0,,False,,exact
osm-563175776,Premium Villas Seminyak,,-8.687632,115.1690648,osm_only,n/a,0,,False,,exact
osm-563175835,Signature Villa Bali Padangsambian Kelod,,-8.6874868,115.1772508,osm_only,n/a,0,,False,,exact
osm-563178282,Pondok Tunjung,,-8.6849694,115.1798526,osm_only,n/a,0,,False,,exact
osm-563178414,Sari House Apartment,,-8.6875372,115.1782918,osm_only,n/a,0,,False,,exact
osm-563183530,Jimbaran Tropico,,-8.8042917,115.1779987,osm_only,n/a,0,,False,,exact
osm-563183831,L'Amore Hotel,,-8.6833705,115.1762377,osm_only,n/a,0,,False,,exact
osm-563189301,Villa Emma,,-8.6834088,115.1752326,osm_only,n/a,0,,False,,exact
osm-563235403,Pondok Yude Jimbaran,,-8.8010632,115.1739926,osm_only,n/a,0,,False,,exact
osm-563241491,W&W Villa Benoa,,-8.7924837,115.2059443,osm_only,n/a,0,,False,,exact
osm-563241528,Bali Pusri Hotel,,-8.7929642,115.2047078,osm_only,n/a,0,,False,,exact
osm-563244894,Amor Bali Villas & Spa Resort,,-8.681659,115.1723976,osm_only,n/a,0,,False,,exact
osm-563244915,Villa Gaya Bali,,-8.68204,115.1715633,osm_only,n/a,0,,False,,exact
osm-563244973,Villa Yang Tao,,-8.6824642,115.1728406,osm_only,n/a,0,,False,,exact
osm-563246277,The Bali Dream Villa Seminyak 2,,-8.682744,115.1704934,osm_only,n/a,0,,False,,exact
osm-563246286,Villa Gaya Bali 2,,-8.6823617,115.1704195,osm_only,n/a,0,,False,,exact
osm-563247736,Taman Amertha Villas Kerobokan Kelod,,-8.6822867,115.1682663,osm_only,n/a,0,,False,,exact
osm-563247751,Villa Bunga,,-8.681749,115.168458,osm_only,n/a,0,,False,,exact
osm-563247760,The Endless Summer Guesthouse,,-8.6815495,115.1688283,osm_only,n/a,0,,False,,exact
osm-563247789,Villa Bidadari 9,,-8.6816901,115.1698367,osm_only,n/a,0,,False,,exact
osm-563247791,Tista Villa,,-8.6816476,115.1696683,osm_only,n/a,0,,False,,exact
osm-563247794,Villa Noa Bali,,-8.6816971,115.1693169,osm_only,n/a,0,,False,,exact
osm-563247795,Villa BB,,-8.6818366,115.1692175,osm_only,n/a,0,,False,,exact
osm-563252333,Villa Koji,,-8.684415,115.1748228,osm_only,n/a,0,,False,,exact
osm-563252338,Seminyak Lagoon All Suites,,-8.6842151,115.1738323,osm_only,n/a,0,,False,,exact
osm-563252347,Kamar Kamar Boutique Hotel,,-8.6863793,115.1738953,osm_only,n/a,0,,False,,exact
osm-563252382,Bali Villas Holiday Vacation Rentals,,-8.6836387,115.1709318,osm_only,n/a,0,,False,,exact
osm-563252402,Villa Harmoni,,-8.6828571,115.1690722,osm_only,n/a,0,,False,,exact
osm-563252407,Villa Bidadari,,-8.6830212,115.1696654,osm_only,n/a,0,,False,,exact
osm-563255030,The X-otic Jimbaran,,-8.8006831,115.1639806,osm_only,n/a,0,,False,,exact
osm-563267790,Villa Beatrix Ungasan,,-8.8214358,115.1582478,osm_only,n/a,0,,False,,exact
osm-563267792,Villa Natacha Ungasan,,-8.8218057,115.1580862,osm_only,n/a,0,,False,,exact
osm-563274288,D'penjor Seminyak,,-8.6819178,115.1700388,osm_only,n/a,0,,False,,exact
osm-563562709,Jimbaran Bay Beach Resort,,-8.7665983,115.1701798,osm_only,n/a,0,,False,,exact
osm-563562923,Legong House,,-8.7596842,115.1740919,osm_only,n/a,0,,False,,exact
osm-564170664,Hotel Kusnadi,,-8.6994375,115.1673895,osm_only,n/a,0,,False,,exact
osm-564170802,Bali Court Hotel and Apartment,,-8.700236,115.1673069,osm_only,n/a,0,,False,,exact
osm-564170824,Villa Artha Homestay,,-8.6924414,115.165371,osm_only,n/a,0,,False,,exact
osm-564170855,Villa Sham Seminyak,,-8.6929077,115.1653988,osm_only,n/a,0,,False,,exact
osm-564170859,The Christina Estate,,-8.6930631,115.1656392,osm_only,n/a,0,,False,,exact
osm-564181997,Padma Lodge Legian,,-8.7022056,115.1688492,osm_only,n/a,0,,False,,exact
osm-564187551,Bali Chaya Hotel Legian Kuta - Bali,,-8.7010036,115.1674421,osm_only,n/a,0,,False,,exact
osm-564188263,Kusuma Resort,,-8.6960372,115.1664549,osm_only,n/a,0,,False,,exact
osm-564221590,Villa Kamboja,,-8.6979763,115.1673732,osm_only,n/a,0,,False,,exact
osm-564230723,Apartemen Agus,,-8.7122621,115.2202975,osm_only,n/a,0,,False,,exact
osm-564496725,Pondok Korsika 3,,-8.6840095,115.1831065,osm_only,n/a,0,,False,,exact
osm-564497580,Lemongrass Villa Kerobokan Kelod,,-8.6710209,115.1517147,osm_only,n/a,0,,False,,exact
osm-564497754,Griya Manik Batu Belig,,-8.673554,115.1520524,osm_only,n/a,0,,False,,exact
osm-564497804,Chandra Rent Car & Pondok Chandra Vila,,-8.6734167,115.1526832,osm_only,n/a,0,,False,,exact
osm-564497824,The Awan Villas,,-8.6732596,115.1532129,osm_only,n/a,0,,False,,exact
osm-564497848,Mokko Suite Villas Bali Kerobokan Kelod,,-8.6703258,115.1530828,osm_only,n/a,0,,False,,exact
osm-564497886,Villa Bali Asri Batubelig Kerobokan Kelod,,-8.6718673,115.1477998,osm_only,n/a,0,,False,,exact
osm-564497916,Hiburan Villas,,-8.6728616,115.1526678,osm_only,n/a,0,,False,,exact
osm-564497939,Villa Chandra,,-8.6718376,115.156545,osm_only,n/a,0,,False,,exact
osm-564514381,Tandjung Sari Hotel,"Sanur,Denpasar,Bali",-8.6889004,115.2650673,osm_only,n/a,0,,False,,exact
osm-564565189,Kost Green River,,-8.6859253,115.1824998,osm_only,n/a,0,,False,,exact
osm-564585458,Budhastay Seminyak,,-8.6972543,115.166598,osm_only,n/a,0,,False,,exact
osm-564585470,Astagina Resort Villa and Spa,"Legian, Kuta, Badung, Bali",-8.6980616,115.166483,osm_only,n/a,0,,False,,exact
osm-564585474,Pearl Hotel & Restaurant,,-8.6975562,115.1670145,osm_only,n/a,0,,False,,exact
osm-564588572,The Haven Bali Seminyak,"Seminyak, Kuta, Bali",-8.696566,115.1680233,osm_only,n/a,0,,False,,exact
osm-564590480,Pondok Korsika 2,,-8.6832525,115.1903638,osm_only,n/a,0,,False,,exact
osm-564590749,Puri Segina Residence,,-8.682825,115.1883441,osm_only,n/a,0,,False,,exact
osm-564618883,Segina Suites,,-8.6866014,115.1876874,osm_only,n/a,0,,False,,exact
osm-564618938,Pondok Yaa Merta,,-8.6859273,115.1896744,osm_only,n/a,0,,False,,exact
osm-564618994,Jodha Soputan Suites,,-8.6857849,115.1881729,osm_only,n/a,0,,False,,exact
osm-564619311,Graha BK Apartemen,,-8.6845409,115.1890855,osm_only,n/a,0,,False,,exact
osm-564865861,Pondok Giri Sentana 3,,-8.6832267,115.1899291,osm_only,n/a,0,,False,,exact
osm-564865905,The Celagi,,-8.6852101,115.1886567,osm_only,n/a,0,,False,,exact
osm-564867503,Pujihouse one,,-8.7101426,115.1746462,osm_only,n/a,0,,False,,exact
osm-564867581,Everyday Smart Hotel,"Kuta, Kabupaten Badung, Bali, Indonesia",-8.7107047,115.1788126,osm_only,n/a,0,,False,,exact
osm-564868990,Mina Pelasa Hotel & Resto,,-8.7095493,115.1737558,osm_only,n/a,0,,False,,exact
osm-564869062,D'Kubu Legian Villa & Guest House,,-8.7095062,115.1720393,osm_only,n/a,0,,False,,exact
osm-564875905,Sol House Bali Legian,,-8.7084171,115.1731121,osm_only,n/a,0,,False,,exact
osm-564877181,Balissimo Suites Seminyak Boutique Hotel,,-8.696047,115.1678146,osm_only,n/a,0,,False,,exact
osm-564877203,The Seminyak Suite Private Villa,,-8.6951594,115.167927,osm_only,n/a,0,,False,,exact
osm-564877270,Seminyak Point Guest House,,-8.6952776,115.1688666,osm_only,n/a,0,,False,,exact
osm-564877369,Villa M2 Gang Melati Seminyak,,-8.6921125,115.1710501,osm_only,n/a,0,,False,,exact
osm-564877397,Impiana Sunset Section,,-8.6935147,115.1703021,osm_only,n/a,0,,False,,exact
osm-564877405,Omink House,,-8.6925576,115.1699431,osm_only,n/a,0,,False,,exact
osm-564877422,Buddha Villa Seminyak,,-8.6916268,115.1721005,osm_only,n/a,0,,False,,exact
osm-564877424,Villa Beji,,-8.6914786,115.1720831,osm_only,n/a,0,,False,,exact
osm-564877460,Ambermoon Villa,,-8.6921084,115.1711661,osm_only,n/a,0,,False,,exact
osm-564877515,Villa Warna Warni,,-8.6925151,115.1697253,osm_only,n/a,0,,False,,exact
osm-564877651,Villa Azora,,-8.6906094,115.1703624,osm_only,n/a,0,,False,,exact
osm-564878817,Kubu Jimbaro Inn,,-8.7051653,115.171792,osm_only,n/a,0,,False,,exact
osm-564922459,Abia Villa Legian,,-8.7032519,115.1713549,osm_only,n/a,0,,False,,exact
osm-564923743,De' Bharata Bali Villas,,-8.6931074,115.1722193,osm_only,n/a,0,,False,,exact
osm-564925255,The Decks Bali,,-8.7034395,115.1725334,osm_only,n/a,0,,False,,exact
osm-564977783,Villa Joglo Kuta,,-8.7092481,115.1777355,osm_only,n/a,0,,False,,exact
osm-564979728,The Wolas Villa and Spa,"Seminyak, Badung, Bali",-8.6901427,115.1743551,osm_only,n/a,0,,False,,exact
osm-564979755,Seminyak Villa,,-8.6911025,115.1752139,osm_only,n/a,0,,False,,exact
osm-564979763,Kosunset Seminyak,,-8.6912518,115.174539,osm_only,n/a,0,,False,,exact
osm-564979764,Gahana Bali Villa,,-8.6907785,115.1749766,osm_only,n/a,0,,False,,exact
osm-564979821,Hotel Santika Seminyak,"Seminyak, Badung, Bali",-8.690177,115.1732327,osm_only,n/a,0,,False,,exact
osm-564979860,Mela Bella Villa,,-8.6945794,115.1731048,osm_only,n/a,0,,False,,exact
osm-564979867,Villa Essence Seminyak,,-8.6943196,115.1728786,osm_only,n/a,0,,False,,exact
osm-564979871,Lasanti Villas Seminyak Bali,,-8.6949888,115.1724663,osm_only,n/a,0,,False,,exact
osm-564979878,Anakula Villas,,-8.696082,115.1715177,osm_only,n/a,0,,False,,exact
osm-564980033,Villa Amsa,,-8.694616,115.1711732,osm_only,n/a,0,,False,,exact
osm-564980053,La Dolce Villa,,-8.6946165,115.1711101,osm_only,n/a,0,,False,,exact
osm-564980071,Taman Kerti Residence,,-8.6939154,115.1724957,osm_only,n/a,0,,False,,exact
osm-564980098,The Carik,,-8.6942088,115.1713162,osm_only,n/a,0,,False,,exact
osm-564980110,The Jineng Villas Seminyak,,-8.6938287,115.1721166,osm_only,n/a,0,,False,,exact
osm-564985141,Aksari Villa Seminyak,,-8.6938969,115.1732762,osm_only,n/a,0,,False,,exact
osm-564985152,Bali Sunset Villa,,-8.6932767,115.1727962,osm_only,n/a,0,,False,,exact
osm-564985156,Kyriad Royal Hotel,,-8.6925364,115.1732776,osm_only,n/a,0,,False,,exact
osm-564985161,Villa The Bougainville Seminyak,,-8.6929084,115.172746,osm_only,n/a,0,,False,,exact
osm-565182075,Villa MaYos Jimbaran,,-8.8051019,115.1683692,osm_only,n/a,0,,False,,exact
osm-565183725,Harmony seminyak,,-8.6912682,115.1620072,osm_only,n/a,0,,False,,exact
osm-565183735,The Seiryu House,,-8.6905979,115.1622823,osm_only,n/a,0,,False,,exact
osm-565183771,Lotus Tirta Seminyak,,-8.6902357,115.1649207,osm_only,n/a,0,,False,,exact
osm-565183785,My Villas In Bali,,-8.6905633,115.1665651,osm_only,n/a,0,,False,,exact
osm-565183831,Sleepwell Seminyak,,-8.6898931,115.1672765,osm_only,n/a,0,,False,,exact
osm-565183960,The Lane Villa,,-8.6914165,115.1693807,osm_only,n/a,0,,False,,exact
osm-565183963,The Catur Villa,,-8.6922378,115.169484,osm_only,n/a,0,,False,,exact
osm-565184040,Graha Di 41 Seminyak,,-8.6927109,115.1676375,osm_only,n/a,0,,False,,exact
osm-565184118,Pondok Sara Villa Seminyak,,-8.695521,115.1648581,osm_only,n/a,0,,False,,exact
osm-565184123,Niramaya Villa,,-8.6956247,115.1655241,osm_only,n/a,0,,False,,exact
osm-565185881,Kos Pondok 44,,-8.7146775,115.1886185,osm_only,n/a,0,,False,,exact
osm-565187868,Bali Paradise Suites,,-8.6970699,115.1730898,osm_only,n/a,0,,False,,exact
osm-565187875,Britz Hotel Sunset Road,"Legian, Badung, Bali",-8.6968172,115.1758474,osm_only,n/a,0,,False,,exact
osm-565187910,Andari Legian,,-8.6985496,115.1798626,osm_only,n/a,0,,False,,exact
osm-565187919,Airy Legian Sunset Road Nakula 9 Kuta Bali,,-8.6993424,115.179629,osm_only,n/a,0,,False,,exact
osm-565187955,The Tukad Villa,,-8.6944205,115.1789131,osm_only,n/a,0,,False,,exact
osm-565187962,Villa Tirta Lalita Seminyak,,-8.6942504,115.1784616,osm_only,n/a,0,,False,,exact
osm-565188030,The Agung Residence,"Legian, Seminyak, Kuta, Bali",-8.6977187,115.1747771,osm_only,n/a,0,,False,,exact
osm-565188039,Rumah Kita Sunset Villa,,-8.6965467,115.1755033,osm_only,n/a,0,,False,,exact
osm-565188044,Astera Villa Seminyak,,-8.6969809,115.1743483,osm_only,n/a,0,,False,,exact
osm-565188146,Lataliana Villas,,-8.6941812,115.163449,osm_only,n/a,0,,False,,exact
osm-565188160,Villa Cocoon,,-8.694339,115.1634229,osm_only,n/a,0,,False,,exact
osm-565188467,Anantara Vacation Club Legian,,-8.699217,115.1630743,osm_only,n/a,0,,False,,exact
osm-565188475,Kumala Pantai Restaurant Pantai Legian,,-8.6990253,115.1634937,osm_only,n/a,0,,False,,exact
osm-565188516,Hotel Sari Bunga,,-8.6974284,115.1638584,osm_only,n/a,0,,False,,exact
osm-565188737,Villa Entrada Seminyak,,-8.6919451,115.1769053,osm_only,n/a,0,,False,,exact
osm-565190538,Legian Living House,,-8.7005021,115.1751886,osm_only,n/a,0,,False,,exact
osm-565190562,Casa Sanya's Guest House,,-8.6993555,115.1763125,osm_only,n/a,0,,False,,exact
osm-565191068,Pondok Sinar Kasih,,-8.6962702,115.1658619,osm_only,n/a,0,,False,,exact
osm-565192549,Feldo Residence,,-8.7004388,115.1737035,osm_only,n/a,0,,False,,exact
osm-565192568,Villa Diana Bali,,-8.6993978,115.1723254,osm_only,n/a,0,,False,,exact
osm-565192573,Villa D Carik,,-8.6990807,115.1728634,osm_only,n/a,0,,False,,exact
osm-565192591,Utari Residence,,-8.6990776,115.1732177,osm_only,n/a,0,,False,,exact
osm-565192593,The Vie Villa,,-8.6982492,115.1730487,osm_only,n/a,0,,False,,exact
osm-565192621,Green Kuta,,-8.6981076,115.1733749,osm_only,n/a,0,,False,,exact
osm-565209397,The Aswana Seminyak,,-8.6906194,115.1687926,osm_only,n/a,0,,False,,exact
osm-565209402,Villa Seriska Seminyak,,-8.6902105,115.1687677,osm_only,n/a,0,,False,,exact
osm-565209419,Villa Karisa Boutique Hotel Seminyak,,-8.6899769,115.1645506,osm_only,n/a,0,,False,,exact
osm-565209480,Villa Ganesha,,-8.6920825,115.1617405,osm_only,n/a,0,,False,,exact
osm-565209483,Puri Cendana Resort,,-8.6921325,115.1609046,osm_only,n/a,0,,False,,exact
osm-565209499,Sarinande Hotel,,-8.6904215,115.1591327,osm_only,n/a,0,,False,,exact
osm-565209502,Villa Bali Asri Seminyak,,-8.6899127,115.1589734,osm_only,n/a,0,,False,,exact
osm-565209519,Le Jardin Boutique Villa Seminyak,,-8.6907488,115.16019,osm_only,n/a,0,,False,,exact
osm-565212428,Villa Coco,,-8.6960215,115.1653037,osm_only,n/a,0,,False,,exact
osm-565212849,Puri Dewa Bharata Hotel and Villas,,-8.6974158,115.1721377,osm_only,n/a,0,,False,,exact
osm-565212893,The Kasih Villas And Spa,,-8.6959065,115.1723833,osm_only,n/a,0,,False,,exact
osm-565218762,TS Suites Legian,,-8.6974958,115.170776,osm_only,n/a,0,,False,,exact
osm-565218786,Villa Origami Seminyak,,-8.6963245,115.171066,osm_only,n/a,0,,False,,exact
osm-565218918,Daluman Villa Seminyak,,-8.6969579,115.1717018,osm_only,n/a,0,,False,,exact
osm-565218943,La Costa Central Hotel,,-8.6971265,115.1707902,osm_only,n/a,0,,False,,exact
osm-565245618,Panorama Cottages II,,-8.7081987,115.1734374,osm_only,n/a,0,,False,,exact
osm-565254242,Villa Lora-Leen,,-8.7055018,115.1745976,osm_only,n/a,0,,False,,exact
osm-565254419,Megasari Inn Legian,,-8.7053578,115.1724919,osm_only,n/a,0,,False,,exact
osm-565254478,Kubu Dangin House,,-8.7064839,115.1731373,osm_only,n/a,0,,False,,exact
osm-565264285,Andaru Villa Umalas,,-8.668606,115.1521056,osm_only,n/a,0,,False,,exact
osm-565264378,Harmony Room & Villas Kerobokan Kelod,,-8.6719606,115.1505754,osm_only,n/a,0,,False,,exact
osm-565264699,Aqua Bali Villa,,-8.6685238,115.1508106,osm_only,n/a,0,,False,,exact
osm-565273474,Arthur Suites,,-8.7040958,115.1752692,osm_only,n/a,0,,False,,exact
osm-565273475,Pondok Indah Legian,,-8.7037901,115.1751121,osm_only,n/a,0,,False,,exact
osm-565273476,Ketupat Villa,,-8.7034594,115.1758523,osm_only,n/a,0,,False,,exact
osm-565273516,Agoda International Indonesia,,-8.7016156,115.1752881,osm_only,n/a,0,,False,,exact
osm-565273520,Beautiful Bali Villas,,-8.7048142,115.1727591,osm_only,n/a,0,,False,,exact
osm-565273611,Lobby Samana Villas,,-8.7016632,115.1717965,osm_only,n/a,0,,False,,exact
osm-565273712,Tanjung Lima Villa,,-8.7008507,115.1739982,osm_only,n/a,0,,False,,exact
osm-565273732,Baahi Villa Legian,,-8.7035115,115.173594,osm_only,n/a,0,,False,,exact
osm-565273757,Kiwi House,,-8.7019155,115.1734843,osm_only,n/a,0,,False,,exact
osm-565273774,The Sunset Hotel and Restaurant,,-8.7076853,115.1787389,osm_only,n/a,0,,False,,exact
osm-565273776,Bloo Hotel Kuta,,-8.7076206,115.1790539,osm_only,n/a,0,,False,,exact
osm-565276742,Instyle Kuta Hotel,,-8.7017547,115.178432,osm_only,n/a,0,,False,,exact
osm-565276751,Palloma Hotel Kuta,"Kuta, Badung, Bali, Indonesia",-8.7010149,115.1777993,osm_only,n/a,0,,False,,exact
osm-565278981,The Cottage Beauty House,,-8.6729142,115.1501015,osm_only,n/a,0,,False,,exact
osm-565284907,The Banyumas Suite Villa Legian,,-8.7012569,115.1740523,osm_only,n/a,0,,False,,exact
osm-565284916,Puri Mimi Hotel,,-8.7047815,115.1772205,osm_only,n/a,0,,False,,exact
osm-565284959,Lyff Villa Bali,,-8.7064419,115.1800899,osm_only,n/a,0,,False,,exact
osm-565285854,Astana Villa Batu Belig,,-8.6728733,115.1484719,osm_only,n/a,0,,False,,exact
osm-565288434,100 Sunset Hotel,,-8.7169042,115.1846764,osm_only,n/a,0,,False,,exact
osm-565288452,RedDoorz Lippo Plaza Sunset,,-8.7161646,115.1863751,osm_only,n/a,0,,False,,exact
osm-565312285,Pondok Windu 99A,,-8.7148288,115.1904204,osm_only,n/a,0,,False,,exact
osm-565320674,Maca Villas and Spa Umalas,,-8.6682388,115.1548708,osm_only,n/a,0,,False,,exact
osm-565584915,Tapa Bali,,-8.7206762,115.1775794,osm_only,n/a,0,,False,,exact
osm-565585021,Pondok Tiga Mertha,,-8.7179745,115.1764625,osm_only,n/a,0,,False,,exact
osm-565589775,Balitis Homestay,,-8.717426,115.179272,osm_only,n/a,0,,False,,exact
osm-565589961,De Jepun Villa,,-8.7135362,115.1769065,osm_only,n/a,0,,False,,exact
osm-565680361,Kuta Majesty Hotel,Badung,-8.7194857,115.1800582,osm_only,n/a,0,,False,,exact
osm-565680666,The Niche Bali,,-8.7163227,115.1748083,osm_only,n/a,0,,False,,exact
osm-565680708,Swiss-Belexpress Kuta Legian,,-8.717284,115.1761523,osm_only,n/a,0,,False,,exact
osm-565680752,Pondok Delima,,-8.7153852,115.176451,osm_only,n/a,0,,False,,exact
osm-565697225,OYO 2184 Nan Berlian Inn,,-8.7143362,115.1720812,osm_only,n/a,0,,False,,exact
osm-565697228,D'Kubu Daje,,-8.714606,115.1729026,osm_only,n/a,0,,False,,exact
osm-566250719,Sandat Glamping Tents,,-8.4995939,115.28237,osm_only,n/a,0,,False,,exact
osm-566482225,Matahari Bungalow,,-8.7153737,115.1740914,osm_only,n/a,0,,False,,exact
osm-566539858,Tanah Bali Villas Jimbaran,,-8.811224,115.150094,osm_only,n/a,0,,False,,exact
osm-566539872,Le Nixsun Villa Spa Ungasan,,-8.8161544,115.1512704,osm_only,n/a,0,,False,,exact
osm-566539985,Hotel Royal Puncak,,-8.8101633,115.1582776,osm_only,n/a,0,,False,,exact
osm-566540040,Bali Golden Elephant Boutique Villa Ungasan,,-8.8104359,115.1567026,osm_only,n/a,0,,False,,exact
osm-566540270,The Hill Ungasan,,-8.8126184,115.1578143,osm_only,n/a,0,,False,,exact
osm-566540733,Effendi Villa,,-8.8091028,115.1484648,osm_only,n/a,0,,False,,exact
osm-566540762,Villa Sami Sami Jimbaran,,-8.8157708,115.1520358,osm_only,n/a,0,,False,,exact
osm-566540826,U Tube Hotel & Spa,,-8.8197314,115.1518717,osm_only,n/a,0,,False,,exact
osm-566560188,The Aromas Of Bali Hotel & Residence,,-8.7114497,115.1717249,osm_only,n/a,0,,False,,exact
osm-566560247,Sari Bali Cottages,,-8.7186185,115.1728888,osm_only,n/a,0,,False,,exact
osm-566560269,Ananta The Kubu And Spa,,-8.7173248,115.1717827,osm_only,n/a,0,,False,,exact
osm-566560286,Surfaris Inn On Poppies 2,,-8.7176136,115.1718073,osm_only,n/a,0,,False,,exact
osm-566560430,Rita Hotel,,-8.7198848,115.1714044,osm_only,n/a,0,,False,,exact
osm-566560445,Hotel Berlian Inn,,-8.719549,115.1712847,osm_only,n/a,0,,False,,exact
osm-566560518,Lima Satu Cottages,,-8.7208567,115.1739409,osm_only,n/a,0,,False,,exact
osm-566560693,Le Lima Hotel,,-8.7153044,115.1715645,osm_only,n/a,0,,False,,exact
osm-566575318,Jimbaran Sea View Villa,,-8.8075219,115.1513102,osm_only,n/a,0,,False,,exact
osm-566575343,Bookit Backpacker Hostel Jimbaran,,-8.8058152,115.151301,osm_only,n/a,0,,False,,exact
osm-566580803,The Spot Legian,"Kuta, Bali",-8.7177305,115.1760472,osm_only,n/a,0,,False,,exact
osm-566580825,Fashion Hotel Legian by fashiontv,"Kuta, Badung, Bali",-8.713456,115.1737715,osm_only,n/a,0,,False,,exact
osm-566580826,Alaya Dedaun,,-8.7131061,115.1739348,osm_only,n/a,0,,False,,exact
osm-566580877,Sari Indah Cottages,,-8.7143223,115.1718148,osm_only,n/a,0,,False,,exact
osm-566585149,Kondra Premiere,,-8.7128509,115.1711604,osm_only,n/a,0,,False,,exact
osm-566601344,Cempaka 2 Accommodation Kuta,,-8.7177828,115.1726112,osm_only,n/a,0,,False,,exact
osm-566843782,Pop! Hotel Kuta Beach,"Kuta, Bali",-8.7118916,115.1698272,osm_only,n/a,0,,False,,exact
osm-566843820,Troppo Zone Puri Rama Resort,,-8.7174427,115.1752823,osm_only,n/a,0,,False,,exact
osm-566843864,The Akmani Legian,"Legian, Bali",-8.7126833,115.172827,osm_only,n/a,0,,False,,exact
osm-566850241,Kuta Angel Hotel - Luxurious Living,,-8.722665,115.1733126,osm_only,n/a,0,,False,,exact
osm-566850247,Kuta Suci Guest House,,-8.7223224,115.1731874,osm_only,n/a,0,,False,,exact
osm-566850254,Favehotel Kuta Square,"Kuta, Kabupaten Badung, Bali, Indonesia",-8.7232121,115.1729128,osm_only,n/a,0,,False,,exact
osm-566850297,ZIA,Kuta,-8.723528,115.1729549,osm_only,n/a,0,,False,,exact
osm-566850456,Pondok Adnyana Kuta,,-8.7320791,115.1705253,osm_only,n/a,0,,False,,exact
osm-566850475,Hotel Sapta Petala,,-8.7325448,115.1714648,osm_only,n/a,0,,False,,exact
osm-566852739,Villa Riviera,,-8.8071309,115.1568852,osm_only,n/a,0,,False,,exact
osm-566852742,Villa Teana Uluwatu,,-8.807222,115.1571475,osm_only,n/a,0,,False,,exact
osm-566852747,Noah Bridal Villa Ungasan,,-8.8069434,115.1561269,osm_only,n/a,0,,False,,exact
osm-566852749,Villa Kubu Jimbar Ungasan,,-8.8086748,115.1561268,osm_only,n/a,0,,False,,exact
osm-566852835,Hotel Jepun,,-8.7268487,115.1716251,osm_only,n/a,0,,False,,exact
osm-566852874,Yans House Hotel Bali,,-8.7267665,115.1704429,osm_only,n/a,0,,False,,exact
osm-567333139,Villa Theo Balangan,,-8.8080555,115.1411491,osm_only,n/a,0,,False,,exact
osm-567725191,TeQuiero Hotel,Tuban,-8.7407641,115.1683915,osm_only,n/a,0,,False,,exact
osm-568812455,Mövenpick Resort & Spa Jimbaran Bali,"Jimbaran, Bali",-8.7850301,115.1639273,osm_only,n/a,0,,False,,exact
osm-568817888,Villa Beranda GWK,,-8.8054052,115.1674371,osm_only,n/a,0,,False,,exact
osm-568818059,Hotel Santika Nusa Dua,,-8.8049088,115.2220205,osm_only,n/a,0,,False,,exact
osm-568824391,Jepun Kuta Guest House,,-8.7379614,115.1715842,osm_only,n/a,0,,False,,exact
osm-568824452,De Balcon,,-8.7391374,115.1712434,osm_only,n/a,0,,False,,exact
osm-568824491,G Home Tuban Kuta,Kuta,-8.7398843,115.1711423,osm_only,n/a,0,,False,,exact
osm-568824497,Tri Homestay Tuban,,-8.740329,115.1709587,osm_only,n/a,0,,False,,exact
osm-568824521,Pondok Medi Sejahtera,,-8.7411328,115.1713187,osm_only,n/a,0,,False,,exact
osm-568824564,Hilton Garden Inn Bali Ngurah Rai Airport,Tuban,-8.7431808,115.1708795,osm_only,n/a,0,,False,,exact
osm-568824642,OYO 734 Tuban Torres Accomodation,,-8.7436278,115.1730729,osm_only,n/a,0,,False,,exact
osm-568824646,Anika Melati Hotel And Spa,,-8.743693,115.172307,osm_only,n/a,0,,False,,exact
osm-568831084,Kak Garden Inn Kuta,,-8.7350424,115.1705329,osm_only,n/a,0,,False,,exact
osm-568831325,Pondok Dyanda,,-8.7368712,115.171391,osm_only,n/a,0,,False,,exact
osm-568835447,Mutiara Bali Resort & Spa,,-8.682359,115.1585619,osm_only,n/a,0,,False,,exact
osm-568835615,Villa Des Indes 2,,-8.682922,115.1548863,osm_only,n/a,0,,False,,exact
osm-568835629,Pradha Villas Seminyak,,-8.6825949,115.1550184,osm_only,n/a,0,,False,,exact
osm-568835641,Villa Balimu Seminyak,,-8.6832488,115.1541237,osm_only,n/a,0,,False,,exact
osm-568835644,Villa Des Indes I,,-8.682992,115.1542468,osm_only,n/a,0,,False,,exact
osm-568835667,The Coloni Hotel,,-8.6829416,115.1534602,osm_only,n/a,0,,False,,exact
osm-568835669,Villa Oost Indies,,-8.6830706,115.15377,osm_only,n/a,0,,False,,exact
osm-568887245,VIN Seminyak Bali,,-8.6821442,115.1532394,osm_only,n/a,0,,False,,exact
osm-569228007,Villa Madarejor's Ungasan,,-8.8083539,115.1556295,osm_only,n/a,0,,False,,exact
osm-569228312,Alea Villa Ungasan,,-8.8084025,115.1569185,osm_only,n/a,0,,False,,exact
osm-569228324,Villa Vilasa Ungasan,,-8.8090875,115.1563074,osm_only,n/a,0,,False,,exact
osm-569228326,Villa Bamboo Zen Ungasan,,-8.8083931,115.1561492,osm_only,n/a,0,,False,,exact
osm-569914966,Villa Aiko Jimbaran,,-8.7909826,115.1609777,osm_only,n/a,0,,False,,exact
osm-569914970,Villa Narooma,,-8.7919511,115.1621256,osm_only,n/a,0,,False,,exact
osm-570127441,Margarita Villa Jimbaran,,-8.7916471,115.1626364,osm_only,n/a,0,,False,,exact
osm-570127488,Villa Astrido,,-8.7898439,115.1596016,osm_only,n/a,0,,False,,exact
osm-570820202,La Payesa Kerobokan Kelod,,-8.6640322,115.1541281,osm_only,n/a,0,,False,,exact
osm-570825516,White Rock Lodge,,-8.7981585,115.2166355,osm_only,n/a,0,,False,,exact
osm-570864886,Villa Arjuna Sanur,,-8.6969387,115.2557931,osm_only,n/a,0,,False,,exact
osm-570865045,Kubu Daton Homestay,,-8.6990409,115.2555923,osm_only,n/a,0,,False,,exact
osm-570865257,Kubu Nyoman Villas,,-8.7003643,115.251348,osm_only,n/a,0,,False,,exact
osm-570865275,Kubu Lestari Home Stay,,-8.7003619,115.2523772,osm_only,n/a,0,,False,,exact
osm-570865276,Rise Apartment,,-8.7001994,115.2523784,osm_only,n/a,0,,False,,exact
osm-570869973,Fruits Villa,,-8.6968614,115.2545543,osm_only,n/a,0,,False,,exact
osm-570869983,Sanur Bagoes Guest House,,-8.6967337,115.2558613,osm_only,n/a,0,,False,,exact
osm-570892380,Hotel Bali Mega,,-8.7907596,115.1874849,osm_only,n/a,0,,False,,exact
osm-570939587,La Terresse Guest House,,-8.646955,115.1544156,osm_only,n/a,0,,False,,exact
osm-571153784,Wisma Imigrasi Jimbaran,,-8.7891344,115.1730026,osm_only,n/a,0,,False,,exact
osm-571159585,Blu Zea Seminyak,,-8.6923441,115.1623221,osm_only,n/a,0,,False,,exact
osm-571163149,Ibis Budget Hotel Seminyak,,-8.6911585,115.1659965,osm_only,n/a,0,,False,,exact
osm-571163214,Villa Michelina Legian,,-8.6989149,115.165924,osm_only,n/a,0,,False,,exact
osm-571164707,Wisma Dwijaya,,-8.6708756,115.1899735,osm_only,n/a,0,,False,,exact
osm-571164873,Alodia Comfort Living,,-8.6691923,115.1888295,osm_only,n/a,0,,False,,exact
osm-571167851,Sasmara,,-8.6759241,115.188816,osm_only,n/a,0,,False,,exact
osm-571183470,Ardita Graha 1,,-8.6734443,115.1817,osm_only,n/a,0,,False,,exact
osm-571188849,Ardita Graha 2,,-8.6722048,115.18151,osm_only,n/a,0,,False,,exact
osm-571850992,Ayola Hotel Kedonganan,,-8.7627713,115.1750802,osm_only,n/a,0,,False,,exact
osm-571853480,Srikandi Inn,,-8.7615472,115.1723924,osm_only,n/a,0,,False,,exact
osm-571856032,Amelle Villas,,-8.6392812,115.1435742,osm_only,n/a,0,,False,,exact
osm-571856083,The Chillhouse Bali Surf and Bike Retreats,,-8.6400545,115.1425202,osm_only,n/a,0,,False,,exact
osm-571857088,Kedonganan Beach Villas,,-8.76491,115.1706209,osm_only,n/a,0,,False,,exact
osm-572959265,Griya Dadi,,-8.6943605,115.1913895,osm_only,n/a,0,,False,,exact
osm-575408667,The Samata,,-8.6496048,115.2675304,osm_only,n/a,0,,False,,exact
osm-575426282,Mirah Home Stay,,-8.7679607,115.1759168,osm_only,n/a,0,,False,,exact
osm-576144577,Kei Art Villas,,-8.6800952,115.1533259,osm_only,n/a,0,,False,,exact
osm-576144595,Bali Mystique Hotel,,-8.6798912,115.1538432,osm_only,n/a,0,,False,,exact
osm-576144631,The Seri Villas Seminyak,,-8.6795152,115.1554865,osm_only,n/a,0,,False,,exact
osm-576149165,Graha Sandhi Kost Full Fasilitas,,-8.7092355,115.1882205,osm_only,n/a,0,,False,,exact
osm-576149167,Sunset Pavilion,,-8.7092633,115.188442,osm_only,n/a,0,,False,,exact
osm-576149262,Amerta Home Stay,,-8.7070043,115.1894519,osm_only,n/a,0,,False,,exact
osm-576149334,Antara Sunset Road,,-8.7053759,115.188322,osm_only,n/a,0,,False,,exact
osm-576149407,Orchid Guest House,,-8.7044373,115.1899528,osm_only,n/a,0,,False,,exact
osm-576182761,Pusfa Harmony,,-8.7076992,115.1885969,osm_only,n/a,0,,False,,exact
osm-576196255,Legong Kirana Villas,,-8.7013258,115.181097,osm_only,n/a,0,,False,,exact
osm-576240656,Villa De'Jiwa 495,,-8.6810116,115.1539164,osm_only,n/a,0,,False,,exact
osm-576241695,Breeze at The Samaya Seminyak,,-8.6832354,115.1528817,osm_only,n/a,0,,False,,exact
osm-576248054,Pondok Bima,,-8.6931327,115.1929322,osm_only,n/a,0,,False,,exact
osm-578280726,Kayumanis Sanur Privatre Villa and Spa,,-8.6998098,115.2576312,osm_only,n/a,0,,False,,exact
osm-578693738,Villa Dewata III,,-8.6859898,115.1658813,osm_only,n/a,0,,False,,exact
osm-578693771,Villa Elleo,,-8.6858896,115.1654924,osm_only,n/a,0,,False,,exact
osm-578693808,Villa Eight Bali,,-8.6855256,115.1648147,osm_only,n/a,0,,False,,exact
osm-578693892,Villa Avani,,-8.6855942,115.163761,osm_only,n/a,0,,False,,exact
osm-578693917,The Art Villa Oberoi,,-8.6858885,115.1638598,osm_only,n/a,0,,False,,exact
osm-578693918,Uma Sapna Villa Seminyak,,-8.6858068,115.1641736,osm_only,n/a,0,,False,,exact
osm-578785906,Villa Shambala,,-8.6867109,115.1592348,osm_only,n/a,0,,False,,exact
osm-578785918,Villa Malou,,-8.6863378,115.1595985,osm_only,n/a,0,,False,,exact
osm-578785921,The Kumpi Villas,,-8.6862542,115.159784,osm_only,n/a,0,,False,,exact
osm-578785939,The Jas Villas,,-8.6862656,115.1603937,osm_only,n/a,0,,False,,exact
osm-578785943,Amadea Resort & Villas Drupadi,,-8.6863306,115.1608495,osm_only,n/a,0,,False,,exact
osm-578785966,Delight Art Villa,,-8.6866852,115.1616007,osm_only,n/a,0,,False,,exact
osm-578785972,Hevea Villas Vanda Seminyak,,-8.6862873,115.1618605,osm_only,n/a,0,,False,,exact
osm-578786018,Ala Hostel Seminyak,,-8.6872412,115.1649045,osm_only,n/a,0,,False,,exact
osm-582527257,Pondok Kelapa Gading,,-8.6928443,115.2207284,osm_only,n/a,0,,False,,exact
osm-583306635,Bali Prime Villas,,-8.6658002,115.1619146,osm_only,n/a,0,,False,,exact
osm-583315005,The Cemara Villas Umalas,,-8.6658756,115.160792,osm_only,n/a,0,,False,,exact
osm-583315026,Dewani Villa Resort,,-8.6655273,115.1609892,osm_only,n/a,0,,False,,exact
osm-583342047,Villa Lulan,,-8.6661523,115.1639491,osm_only,n/a,0,,False,,exact
osm-585428695,Villa Omah Mutiara,,-8.6676215,115.1613689,osm_only,n/a,0,,False,,exact
osm-585436896,Villa Ava,,-8.6690183,115.1609845,osm_only,n/a,0,,False,,exact
osm-585459119,Kubu Bali Suites Seminyak,,-8.6664067,115.1651479,osm_only,n/a,0,,False,,exact
osm-586955988,Apple Suite & Apartement,,-8.6700419,115.1664795,osm_only,n/a,0,,False,,exact
osm-586956080,Jalak Bali Villas,,-8.6737229,115.1669663,osm_only,n/a,0,,False,,exact
osm-586964840,Liberta Hotel Seminyak,,-8.6719828,115.1603042,osm_only,n/a,0,,False,,exact
osm-586964907,The Capital Hotel Seminyak,,-8.6727893,115.1580713,osm_only,n/a,0,,False,,exact
osm-586964929,Berry Amour Romantic Villas,,-8.6717515,115.1570215,osm_only,n/a,0,,False,,exact
osm-586964930,Brown Feather,,-8.6717524,115.1570912,osm_only,n/a,0,,False,,exact
osm-586964988,Bugan Villas,,-8.672805,115.1555518,osm_only,n/a,0,,False,,exact
osm-592465464,Wisma Bayu Putra Pemecutan Klod,,-8.6644125,115.2057042,osm_only,n/a,0,,False,,exact
osm-592537530,Eclipse Hotel Kerobokan Kelod,,-8.6769458,115.1756977,osm_only,n/a,0,,False,,exact
osm-592537580,Anggie Stay Kerobokan Kelod,,-8.6756,115.1765032,osm_only,n/a,0,,False,,exact
osm-592537683,The Maha Seminyak,,-8.6775304,115.1770841,osm_only,n/a,0,,False,,exact
osm-592547164,Hotel Oreo,,-8.6376058,115.1963794,osm_only,n/a,0,,False,,exact
osm-592674349,Hotel Permata Dana,,-8.6365465,115.2009788,osm_only,n/a,0,,False,,exact
osm-592816598,Villa Umah Joglo Kerobokan Kelod,,-8.672988,115.1778154,osm_only,n/a,0,,False,,exact
osm-593036666,The Tanjung Seminyak,,-8.6833549,115.1700307,osm_only,n/a,0,,False,,exact
osm-593036679,Sunset Mansion,"Sunset Road, Kuta, Badung",-8.6831999,115.1706613,osm_only,n/a,0,,False,,exact
osm-593036688,Villa Cascade,,-8.6816376,115.1710497,osm_only,n/a,0,,False,,exact
osm-593036693,La Villa Des Sens,,-8.6796364,115.1700182,osm_only,n/a,0,,False,,exact
osm-593036727,Villa Nikko Kerobokan Kelod,,-8.6802549,115.1698281,osm_only,n/a,0,,False,,exact
osm-593036728,Villa Arjuna Kerobokan Kelod,,-8.6805583,115.170181,osm_only,n/a,0,,False,,exact
osm-593106677,Orchid Garden Jimbaran Guesthouse,,-8.7942593,115.1769813,osm_only,n/a,0,,False,,exact
osm-593190864,Liong Guest House,,-8.6398806,115.1571151,osm_only,n/a,0,,False,,exact
osm-593191185,Nagisa Bali Easy Living Villas Tibubeneng,,-8.6441195,115.1547317,osm_only,n/a,0,,False,,exact
osm-593191263,Home 46 Canggu Bali,,-8.6454371,115.1536747,osm_only,n/a,0,,False,,exact
osm-593191831,Salty Shakar Room,,-8.6382509,115.1480835,osm_only,n/a,0,,False,,exact
osm-593192152,Luna Room,,-8.6371113,115.146705,osm_only,n/a,0,,False,,exact
osm-593192214,Wave Chill House,,-8.6355399,115.1503617,osm_only,n/a,0,,False,,exact
osm-593192590,Andy Guest House,,-8.6360155,115.1515228,osm_only,n/a,0,,False,,exact
osm-593228749,Grandpa Resort Canggu,,-8.6370286,115.1543518,osm_only,n/a,0,,False,,exact
osm-593229261,United Colors Of Bali,,-8.6368137,115.1551948,osm_only,n/a,0,,False,,exact
osm-593229422,Puri Canggu Rooms ll,,-8.6390319,115.151131,osm_only,n/a,0,,False,,exact
osm-593230132,Arganta By Nerus Tibubeneng,,-8.6377384,115.1574624,osm_only,n/a,0,,False,,exact
osm-593230269,Puri Canggu Villas & Rooms Tibubeneng,,-8.6400509,115.1540596,osm_only,n/a,0,,False,,exact
osm-593230359,Anyar Bagus Villa Tibubeneng,,-8.6396374,115.1562303,osm_only,n/a,0,,False,,exact
osm-593230543,RMC Canggu,,-8.6433761,115.1562175,osm_only,n/a,0,,False,,exact
osm-593502299,The Lovina Bali Resort,,-8.1539137,115.0301697,osm_only,n/a,0,,False,,exact
osm-593650122,Diani Village,,-8.5572847,115.0418191,osm_only,n/a,0,,False,,exact
osm-593654954,Villa Dihati,,-8.5585313,115.0378961,osm_only,n/a,0,,False,,exact
osm-593841137,Wisma Bhinneka Tegal Harum,,-8.6659372,115.1920061,osm_only,n/a,0,,False,,exact
osm-593846768,Velove Guest House,,-8.6591607,115.1837748,osm_only,n/a,0,,False,,exact
osm-594029237,Okaira Guesthouse Padangsambian Klod,,-8.6711064,115.1810027,osm_only,n/a,0,,False,,exact
osm-594280359,Hotel Candra Adiguna,,-8.6466114,115.2183035,osm_only,n/a,0,,False,,exact
osm-594294268,Villa Mandala Kerobokan Kelod,,-8.6827716,115.1603594,osm_only,n/a,0,,False,,exact
osm-594294313,Ziva Villa,,-8.6824376,115.1609674,osm_only,n/a,0,,False,,exact
osm-594294338,B Villa & Spa,,-8.681617,115.1611628,osm_only,n/a,0,,False,,exact
osm-594294369,Ziva A Boutique Villa,,-8.6815822,115.1609153,osm_only,n/a,0,,False,,exact
osm-594294370,Alizee Villas Kerobokan Kelod,,-8.6815668,115.1606242,osm_only,n/a,0,,False,,exact
osm-594294373,B Villa & Poll Spa,,-8.6815477,115.1602908,osm_only,n/a,0,,False,,exact
osm-594294397,Villa Soleh,,-8.6827858,115.1604885,osm_only,n/a,0,,False,,exact
osm-594294424,Equilibria Seminyak Hotel,,-8.6829052,115.1624942,osm_only,n/a,0,,False,,exact
osm-594294444,M & D Guesthouse Kerobakan Kelod,,-8.6828778,115.1600102,osm_only,n/a,0,,False,,exact
osm-594294511,Villa Joglo,,-8.6830768,115.1620951,osm_only,n/a,0,,False,,exact
osm-594294534,Villa Gladak,,-8.6833106,115.1609153,osm_only,n/a,0,,False,,exact
osm-594294544,Villa Teman Eden,,-8.6833006,115.1605663,osm_only,n/a,0,,False,,exact
osm-594294560,Villa June,,-8.6834699,115.1606208,osm_only,n/a,0,,False,,exact
osm-594294610,Ananda Resort and Spa,,-8.6843821,115.1600612,osm_only,n/a,0,,False,,exact
osm-594294674,Villa Amalia Legian,,-8.6864237,115.1611228,osm_only,n/a,0,,False,,exact
osm-594294704,Jas Green Villas & Spa Seminyak,,-8.6869298,115.1605579,osm_only,n/a,0,,False,,exact
osm-594294715,Villa Island Seminyak,,-8.6872628,115.160821,osm_only,n/a,0,,False,,exact
osm-594294722,Villa Sukacita,,-8.6875778,115.1614119,osm_only,n/a,0,,False,,exact
osm-594294724,Jade Lotus Villa,,-8.6875317,115.1608249,osm_only,n/a,0,,False,,exact
osm-594294776,Villa Samuan,,-8.6871076,115.1594188,osm_only,n/a,0,,False,,exact
osm-594294818,Nyaman Villas Seminyak,,-8.6860872,115.1591358,osm_only,n/a,0,,False,,exact
osm-594294855,U Paasha Seminyak Bali,"Seminyak, Kuta, Bali",-8.6843699,115.1592102,osm_only,n/a,0,,False,,exact
osm-594294856,The Amasya Villas,,-8.684458,115.159031,osm_only,n/a,0,,False,,exact
osm-594294860,Misi Uma Homestay,,-8.6847616,115.1589949,osm_only,n/a,0,,False,,exact
osm-594294870,Fero Villa,,-8.6846239,115.1594999,osm_only,n/a,0,,False,,exact
osm-594294872,The Club Villas Seminyak,,-8.6845749,115.1593967,osm_only,n/a,0,,False,,exact
osm-594294895,Maya Sayang Pool Villa & Spa,,-8.6838436,115.1595994,osm_only,n/a,0,,False,,exact
osm-594294913,Villa Penelopy,,-8.6834636,115.1596415,osm_only,n/a,0,,False,,exact
osm-594294923,The Ulin Villas & Spa,,-8.6831353,115.1597298,osm_only,n/a,0,,False,,exact
osm-594294970,Villa Soko,,-8.6822286,115.1596161,osm_only,n/a,0,,False,,exact
osm-594294972,Villa Rama,,-8.6821738,115.1592955,osm_only,n/a,0,,False,,exact
osm-594294977,The Seminyak Villa,,-8.6821221,115.1595862,osm_only,n/a,0,,False,,exact
osm-594295046,Roku Seminyak Villa,,-8.6802572,115.1587315,osm_only,n/a,0,,False,,exact
osm-594295064,Villa Serigala,,-8.6803494,115.160219,osm_only,n/a,0,,False,,exact
osm-594295104,The Layar Designer Villas And Spa,,-8.6798657,115.1601414,osm_only,n/a,0,,False,,exact
osm-594295120,The Light Exclusive Villas & Spa,,-8.6794779,115.1602117,osm_only,n/a,0,,False,,exact
osm-594295156,Selog Villa,,-8.6784114,115.1597448,osm_only,n/a,0,,False,,exact
osm-594295184,Sunset Terrace Apartments,,-8.678305,115.160371,osm_only,n/a,0,,False,,exact
osm-594295237,Orchid Resto at Marbella Pool Suites Seminyak - Seminyak,,-8.6770019,115.1594158,osm_only,n/a,0,,False,,exact
osm-594295259,Villa Kayu Raja,,-8.6766543,115.1587708,osm_only,n/a,0,,False,,exact
osm-594295313,Cometa Villas Seminyak,,-8.6759664,115.1612146,osm_only,n/a,0,,False,,exact
osm-594295371,Abaca Villas Kerobokan Kelod,,-8.6730858,115.1611949,osm_only,n/a,0,,False,,exact
osm-594295442,Summerhome Boutique Hotel Umasari,,-8.6747133,115.1602668,osm_only,n/a,0,,False,,exact
osm-594295597,The Khayangan Villa,,-8.6765116,115.1590664,osm_only,n/a,0,,False,,exact
osm-594343097,Hotel Lingsar I,,-8.6561253,115.209631,osm_only,n/a,0,,False,,exact
osm-594361993,Villa Arta,,-8.6865862,115.16267,osm_only,n/a,0,,False,,exact
osm-594362000,D'Djabu Hotel Seminyak,,-8.6800819,115.1625486,osm_only,n/a,0,,False,,exact
osm-594362448,AB Villa & Apartment Bali,,-8.686546,115.1645589,osm_only,n/a,0,,False,,exact
osm-594362541,Bali 4 Stay,,-8.6859927,115.1635619,osm_only,n/a,0,,False,,exact
osm-594362652,Rumi villas,,-8.68595,115.1633705,osm_only,n/a,0,,False,,exact
osm-594362730,Villa Yoga,,-8.6847494,115.1624195,osm_only,n/a,0,,False,,exact
osm-594362754,Villa Fabia,,-8.6851579,115.1622198,osm_only,n/a,0,,False,,exact
osm-594362809,Heliconia Villa,,-8.6849044,115.1616157,osm_only,n/a,0,,False,,exact
osm-594362837,Villa Lumut,,-8.6852839,115.1611199,osm_only,n/a,0,,False,,exact
osm-594362981,Daha Mansion,,-8.6803368,115.1629749,osm_only,n/a,0,,False,,exact
osm-594363008,Rajapala Home Stay,,-8.6784629,115.1643048,osm_only,n/a,0,,False,,exact
osm-594363022,La House Kerobokan Kelod,,-8.6780329,115.1635793,osm_only,n/a,0,,False,,exact
osm-594363259,The Daha A Luxury Resort & Spa Kerobokan Kelod,,-8.6745583,115.1639297,osm_only,n/a,0,,False,,exact
osm-594363388,Bali Royal Heritage Villas Kerobokan Kelod,,-8.6775373,115.1632813,osm_only,n/a,0,,False,,exact
osm-594363471,Villa Air & Spa,,-8.6774866,115.1611987,osm_only,n/a,0,,False,,exact
osm-594363694,Villa Cloud Nine And Belle,,-8.679141,115.1612842,osm_only,n/a,0,,False,,exact
osm-594363755,K Villas Holidays Seminyak,,-8.6801329,115.1605778,osm_only,n/a,0,,False,,exact
osm-594363773,Bhavana Villas Seminyak,,-8.6804238,115.1604382,osm_only,n/a,0,,False,,exact
osm-594363919,La Villas Kamojang,"Kerobokan Kelod, Kuta, Bali",-8.6809848,115.1606166,osm_only,n/a,0,,False,,exact
osm-594363924,Viola Villa,,-8.6813409,115.1610005,osm_only,n/a,0,,False,,exact
osm-594363925,Bvilla Spa Bali,,-8.6813455,115.1611823,osm_only,n/a,0,,False,,exact
osm-594363936,Villa Banyu,,-8.6814652,115.16194,osm_only,n/a,0,,False,,exact
osm-594363953,Bracha Villas Kerobokan Kelod,,-8.6815987,115.1626352,osm_only,n/a,0,,False,,exact
osm-594363958,The Haere Villa,,-8.681701,115.1626149,osm_only,n/a,0,,False,,exact
osm-594364028,Casa Mateo Bali,,-8.6820754,115.1622799,osm_only,n/a,0,,False,,exact
osm-594364042,HBA Resort Bali,,-8.6816393,115.1616259,osm_only,n/a,0,,False,,exact
osm-594364070,Casa Mateo Villa,,-8.6817225,115.1620673,osm_only,n/a,0,,False,,exact
osm-594486981,Crown Bali Villa,,-8.6761702,115.1651379,osm_only,n/a,0,,False,,exact
osm-594487029,Micasa Residence,"Kuta Utara, Kabupaten Badung, Bali, Indonesia",-8.6761828,115.1664093,osm_only,n/a,0,,False,,exact
osm-594487052,Kubu Cenik Apartment,,-8.6764562,115.1670189,osm_only,n/a,0,,False,,exact
osm-594487057,Nyuh Gading Guest House & Villa Kerobokan Kelod,,-8.6766949,115.1671067,osm_only,n/a,0,,False,,exact
osm-594487318,Kumpi Rooms,,-8.6800028,115.1662972,osm_only,n/a,0,,False,,exact
osm-594487446,Arli Villa Kerobokan Kelod,,-8.6800252,115.164647,osm_only,n/a,0,,False,,exact
osm-594487478,Kae Villas Seminyak Kerobokan Kelod,,-8.6803445,115.1649833,osm_only,n/a,0,,False,,exact
osm-594487492,Villa Kiwi Seminyak,,-8.6806511,115.1648888,osm_only,n/a,0,,False,,exact
osm-594487572,Bali Rich Luxury Villas & Spa Seminyak,,-8.6803165,115.1669778,osm_only,n/a,0,,False,,exact
osm-594487604,Villa Noe,,-8.680875,115.1667671,osm_only,n/a,0,,False,,exact
osm-594487666,Kubu Ayudana,,-8.6814029,115.1651167,osm_only,n/a,0,,False,,exact
osm-594487667,Kubu Meduri Guests House,,-8.6814974,115.1651179,osm_only,n/a,0,,False,,exact
osm-594487747,Hotel Dafam Savvoya Seminyak Bali,,-8.682697,115.1673408,osm_only,n/a,0,,False,,exact
osm-594487952,Escape Room Bali,,-8.6841888,115.1684475,osm_only,n/a,0,,False,,exact
osm-594488031,Frost Villas Seminyak Bali,,-8.6848837,115.1679467,osm_only,n/a,0,,False,,exact
osm-594488096,Room & Vespa 3,,-8.6860028,115.1689311,osm_only,n/a,0,,False,,exact
osm-594488151,Seminyak Icon by Karaniya Experience,,-8.68629,115.1692265,osm_only,n/a,0,,False,,exact
osm-594488168,Kamuela Villas Seminyak,,-8.6866627,115.1693945,osm_only,n/a,0,,False,,exact
osm-594765441,The Simplicity Kerobokan,,-8.6714835,115.1693796,osm_only,n/a,0,,False,,exact
osm-594766419,Villa Balidamai,,-8.6745632,115.1706885,osm_only,n/a,0,,False,,exact
osm-594766592,Bismarkia Suite,,-8.6754648,115.1697961,osm_only,n/a,0,,False,,exact
osm-594766763,Villa Gendut,,-8.6767286,115.1698083,osm_only,n/a,0,,False,,exact
osm-594766792,Villa Zadig,,-8.6770337,115.1709342,osm_only,n/a,0,,False,,exact
osm-594766801,Villa Khasaya,,-8.6774682,115.1707912,osm_only,n/a,0,,False,,exact
osm-594766882,WH 18 Apartement,,-8.6746358,115.1691234,osm_only,n/a,0,,False,,exact
osm-594766894,W Park Residence,,-8.6748005,115.1682778,osm_only,n/a,0,,False,,exact
osm-594766997,Leluhur Bali Villas & Apartment,,-8.6764146,115.1687627,osm_only,n/a,0,,False,,exact
osm-594766998,Leluhur 2,,-8.676423,115.1689293,osm_only,n/a,0,,False,,exact
osm-594766999,Leluhur 1,,-8.6764435,115.1690745,osm_only,n/a,0,,False,,exact
osm-594767038,Signature Hotel,,-8.6767598,115.1673499,osm_only,n/a,0,,False,,exact
osm-594767071,Villa Cahaya Berlian,,-8.6771056,115.1694158,osm_only,n/a,0,,False,,exact
osm-594767157,Villa Angela Kerobokan Kelod,,-8.6789232,115.1687369,osm_only,n/a,0,,False,,exact
osm-594767224,Casa Yenny Kerobokan Kelod,,-8.6801561,115.1694022,osm_only,n/a,0,,False,,exact
osm-594767226,Rumah Otili Kerobokan Kelod,,-8.6801356,115.1692955,osm_only,n/a,0,,False,,exact
osm-594767227,Villa Ibu Kerobokan Kelod,,-8.6801319,115.1692058,osm_only,n/a,0,,False,,exact
osm-594767230,Sun Shoot Villas Seminyak,,-8.6801832,115.1690377,osm_only,n/a,0,,False,,exact
osm-594767232,Villa Jepun,,-8.6800505,115.1688067,osm_only,n/a,0,,False,,exact
osm-594767257,Transera kirana villa,,-8.6804027,115.1694805,osm_only,n/a,0,,False,,exact
osm-594813305,Villa Tandibayang,,-8.675308,115.1868537,osm_only,n/a,0,,False,,exact
osm-595862404,Villa Kumuda,,-8.6569618,115.1344397,osm_only,n/a,0,,False,,exact
osm-595862416,The Old Canggu Inn,,-8.6561695,115.135214,osm_only,n/a,0,,False,,exact
osm-595862420,Canggu Suites Bungalows Canggu,,-8.6562813,115.1351027,osm_only,n/a,0,,False,,exact
osm-595862466,Villa Loluan by BukitVista,,-8.6560269,115.1340875,osm_only,n/a,0,,False,,exact
osm-595862515,The Lima Homestay Canggu,,-8.6550339,115.1344978,osm_only,n/a,0,,False,,exact
osm-595862538,Gedul Homestay Canggu,,-8.6555721,115.1356485,osm_only,n/a,0,,False,,exact
osm-595862582,Villa Lior Canggu,,-8.6543948,115.1344952,osm_only,n/a,0,,False,,exact
osm-595862600,The Nest Canggu Home Stay Canggu,,-8.6541786,115.1356311,osm_only,n/a,0,,False,,exact
osm-595863685,Canggu Beach Inn Bali,,-8.6498829,115.1364036,osm_only,n/a,0,,False,,exact
osm-595863690,Sanata Yoga Guest House,,-8.6506868,115.135463,osm_only,n/a,0,,False,,exact
osm-595863714,Villa Nelayan Canggu,,-8.6594957,115.1347895,osm_only,n/a,0,,False,,exact
osm-595905624,Canang Gardens,,-8.5413878,115.2648892,osm_only,n/a,0,,False,,exact
osm-595905886,NYC Loft Ubud,,-8.5396993,115.2663257,osm_only,n/a,0,,False,,exact
osm-595938009,Soulshine Hotel & Yoga Retreat Oasis,,-8.5417046,115.2653323,osm_only,n/a,0,,False,,exact
osm-596095819,Fame Hotel,,-8.700743,115.1783945,osm_only,n/a,0,,False,,exact
osm-596106299,Olivia Inn Denpasar,,-8.6998815,115.1867932,osm_only,n/a,0,,False,,exact
osm-596122594,Villa Fanisa Canggu,,-8.6476465,115.1316977,osm_only,n/a,0,,False,,exact
osm-596122623,Bali Manik Home Stay,,-8.6463063,115.1334432,osm_only,n/a,0,,False,,exact
osm-596125931,Saskara Villa Canggu,,-8.6512284,115.1293625,osm_only,n/a,0,,False,,exact
osm-596125936,Sfring Villa Canggu,,-8.6497654,115.1302594,osm_only,n/a,0,,False,,exact
osm-596125940,Regali Villas Canggu,,-8.6505812,115.1292824,osm_only,n/a,0,,False,,exact
osm-596125943,Prerenan Nengah Guest House,,-8.6499227,115.1273207,osm_only,n/a,0,,False,,exact
osm-596126002,Villa Shanti Bhuwana,,-8.6487162,115.1283369,osm_only,n/a,0,,False,,exact
osm-596126019,Jubilee Homestay Pererenan,,-8.6478332,115.1272639,osm_only,n/a,0,,False,,exact
osm-597029821,Villa Putih 1 Pererenan,,-8.6461604,115.1285785,osm_only,n/a,0,,False,,exact
osm-597029899,Uma Phonenix Villa,,-8.64598,115.1260942,osm_only,n/a,0,,False,,exact
osm-597029909,Villa Kotak Mengwi,,-8.6449277,115.1259827,osm_only,n/a,0,,False,,exact
osm-597029926,Villa Bengawan Mengwi,,-8.6454471,115.12585,osm_only,n/a,0,,False,,exact
osm-597029964,Villa Yenian Pererenan,,-8.6419881,115.1338143,osm_only,n/a,0,,False,,exact
osm-597038754,Villa Wiwin Agung Pererenan,,-8.6291652,115.1342118,osm_only,n/a,0,,False,,exact
osm-597047568,Villa Made Laine,,-8.6326911,115.1314567,osm_only,n/a,0,,False,,exact
osm-597048075,Villa Nadia,,-8.6332837,115.1311875,osm_only,n/a,0,,False,,exact
osm-597048080,Villa Soledad,,-8.632824,115.1313423,osm_only,n/a,0,,False,,exact
osm-597048081,Villa Madeleine,,-8.6325175,115.1315467,osm_only,n/a,0,,False,,exact
osm-597077939,Chalina Estate Mengwi,,-8.6432509,115.1264908,osm_only,n/a,0,,False,,exact
osm-597078221,Palm River Villa,,-8.6439467,115.1262679,osm_only,n/a,0,,False,,exact
osm-597078233,Villa Infinity Bali Ungasan,,-8.6431387,115.1270353,osm_only,n/a,0,,False,,exact
osm-597159953,Nova Guest House,,-8.6456258,115.127903,osm_only,n/a,0,,False,,exact
osm-597612165,Villa Lindo,,-8.6700339,115.1737938,osm_only,n/a,0,,False,,exact
osm-597612527,Kubu Manggala Villa Kerobokan Kelod,,-8.6700422,115.1740997,osm_only,n/a,0,,False,,exact
osm-597612760,Sandi Kala Villas,,-8.6708188,115.1750814,osm_only,n/a,0,,False,,exact
osm-597612868,Villa Taramille,,-8.6683681,115.170913,osm_only,n/a,0,,False,,exact
osm-597692432,Puri Tresna Villas,,-8.675162,115.2409131,osm_only,n/a,0,,False,,exact
osm-597747043,Airy Renon Tukad Batanghari IX,,-8.6840512,115.2313199,osm_only,n/a,0,,False,,exact
osm-597747143,The Banyumas Villa,,-8.6840068,115.227083,osm_only,n/a,0,,False,,exact
osm-597747461,Studio 5 Star,,-8.6856838,115.2295278,osm_only,n/a,0,,False,,exact
osm-597747468,Wisma Pandawa,,-8.6854121,115.2287849,osm_only,n/a,0,,False,,exact
osm-597772574,Diah kumara house,,-8.4967195,115.0797333,osm_only,n/a,0,,False,,exact
osm-597772682,Mcreet pondok,,-8.4945535,115.0813761,osm_only,n/a,0,,False,,exact
osm-597773902,Renon Place Apartment,,-8.6696309,115.2388848,osm_only,n/a,0,,False,,exact
osm-597794526,Pondok 48,,-8.6878407,115.2321708,osm_only,n/a,0,,False,,exact
osm-597794772,Alke Apartment,,-8.6820632,115.2313008,osm_only,n/a,0,,False,,exact
osm-597794955,Griya 18,,-8.6775411,115.2390558,osm_only,n/a,0,,False,,exact
osm-598316289,The Beachfront Villa,,-8.0657377,115.1551344,osm_only,n/a,0,,False,,exact
osm-598491172,Amandari,,-8.4886709,115.244731,osm_only,n/a,0,,False,,exact
osm-598599407,Black Penny Villas Ubud,,-8.4834792,115.2454617,osm_only,n/a,0,,False,,exact
osm-598684910,Deva Bali Apartment,,-8.6570996,115.1612384,osm_only,n/a,0,,False,,exact
osm-598699168,Dsawah Villa Umalas,,-8.6512959,115.161065,osm_only,n/a,0,,False,,exact
osm-598699197,Villa Anggun Kerobokan,,-8.6517717,115.1597091,osm_only,n/a,0,,False,,exact
osm-598699202,Bali Villa Marene Kerobokan,,-8.6518442,115.1598834,osm_only,n/a,0,,False,,exact
osm-598707149,Bali Arum Green Village,,-8.649223,115.1699737,osm_only,n/a,0,,False,,exact
osm-599060810,The Mansion,,-8.5042387,115.2446526,osm_only,n/a,0,,False,,exact
osm-600503428,Villa Kayu Ulin,,-8.6482939,115.1679525,osm_only,n/a,0,,False,,exact
osm-600503630,Bale Village C8 Villa,,-8.650075,115.1644099,osm_only,n/a,0,,False,,exact
osm-600503661,Saren Guest House Kerobokan,,-8.646594,115.1643515,osm_only,n/a,0,,False,,exact
osm-600506552,Marika Sawah Villa,,-8.6479764,115.1655098,osm_only,n/a,0,,False,,exact
osm-600506612,Metta Guest House,,-8.6499819,115.166298,osm_only,n/a,0,,False,,exact
osm-600506620,Daivani Apartment,,-8.647685,115.1665682,osm_only,n/a,0,,False,,exact
osm-600506679,OYO 1489 Simona Hotel Canggu,,-8.6463284,115.1668673,osm_only,n/a,0,,False,,exact
osm-601192065,Hotel Marhaen Dauh Puri,,-8.6627156,115.2156961,osm_only,n/a,0,,False,,exact
osm-601440217,DARA AYU VILLAS & SPA,,-8.3614542,115.2430226,osm_only,n/a,0,,False,,exact
osm-602483175,Ecozy Dijiwa Canggu,,-8.6481121,115.1309876,osm_only,n/a,0,,False,,exact
osm-602483266,Gita Home Stay Canggu,,-8.6511219,115.1316932,osm_only,n/a,0,,False,,exact
osm-602783506,Chonos Hotel,,-8.1619703,115.0263532,osm_only,n/a,0,,False,,exact
osm-603009624,Warung Makan,,-8.1808856,114.9861456,osm_only,n/a,0,,False,,exact
osm-603302499,Vaneka Garden 2,,-8.4436738,115.2365301,osm_only,n/a,0,,False,,exact
osm-603302623,Vaneka Garden House,,-8.4464216,115.2357564,osm_only,n/a,0,,False,,exact
osm-603423089,Lumbini Villas and Spa,,-8.7749089,115.1724478,osm_only,n/a,0,,False,,exact
osm-603423773,Villa Tree Mango,,-8.7693174,115.1713773,osm_only,n/a,0,,False,,exact
osm-603447294,Anja Hotel Jimbaran,,-8.7731439,115.1698994,osm_only,n/a,0,,False,,exact
osm-604133782,One Residence,,-8.6948536,115.1927769,osm_only,n/a,0,,False,,exact
osm-604185568,Taman Ayu 212 Town House,,-8.6932065,115.1979442,osm_only,n/a,0,,False,,exact
osm-604251516,Hotel Lavarta,,-8.6354741,115.2031353,osm_only,n/a,0,,False,,exact
osm-604256406,I Love Grass Hotel Pemecutan Klod,,-8.6769783,115.1952392,osm_only,n/a,0,,False,,exact
osm-604256517,Kara Residence Pemecutan Klod,,-8.6773359,115.1956251,osm_only,n/a,0,,False,,exact
osm-607536522,Freedom Villa Seminyak,,-8.6798971,115.1548419,osm_only,n/a,0,,False,,exact
osm-607536542,Oj Villa,,-8.6810056,115.1573318,osm_only,n/a,0,,False,,exact
osm-607536569,Kencana Villa,,-8.6813819,115.1569952,osm_only,n/a,0,,False,,exact
osm-607536678,Tis Villa seminyak,,-8.6810983,115.1553753,osm_only,n/a,0,,False,,exact
osm-607536688,Villa Chakra,,-8.6811503,115.1562255,osm_only,n/a,0,,False,,exact
osm-607538157,Villa Manggo,,-8.6656009,115.1480477,osm_only,n/a,0,,False,,exact
osm-607538171,Villa Kembar Kerobokan Kelod,,-8.663361,115.155877,osm_only,n/a,0,,False,,exact
osm-607538603,Satnam Villas,,-8.6643471,115.1558839,osm_only,n/a,0,,False,,exact
osm-607538744,Villa Xaloc by House of Winds,Kerobokan Klod,-8.6582898,115.1582745,osm_only,n/a,0,,False,,exact
osm-607539158,Villa Spirit,,-8.6649363,115.1478944,osm_only,n/a,0,,False,,exact
osm-607539742,Seven Boards Canggu,,-8.6482365,115.1448858,osm_only,n/a,0,,False,,exact
osm-607540695,The Kuta Bagus View,,-8.7313787,115.1766508,osm_only,n/a,0,,False,,exact
osm-607545825,Kuta Family Guest House,,-8.7303955,115.1770104,osm_only,n/a,0,,False,,exact
osm-607548251,Villa Lutus,,-8.6321778,115.1317379,osm_only,n/a,0,,False,,exact
osm-607548309,OYO 963 D'jineng Rice Terrace Bungalow,,-8.625492,115.1221879,osm_only,n/a,0,,False,,exact
osm-607548364,Villa Zanaya,,-8.633281,115.1314995,osm_only,n/a,0,,False,,exact
osm-607548366,Villa Sabana Pererenan,,-8.6336465,115.1314689,osm_only,n/a,0,,False,,exact
osm-607548452,Taman Kebon Villa,,-8.6422144,115.1294897,osm_only,n/a,0,,False,,exact
osm-607565171,Tunjung Asri Villa Kerobokan Kelod,,-8.6741929,115.1737088,osm_only,n/a,0,,False,,exact
osm-607565190,Villa Manito,,-8.6765445,115.1758026,osm_only,n/a,0,,False,,exact
osm-607565500,Sana Vie Villa Kerobokan Kelod,,-8.6753943,115.1724774,osm_only,n/a,0,,False,,exact
osm-607565544,Kaseh Villa,,-8.6747442,115.174138,osm_only,n/a,0,,False,,exact
osm-607565566,Bali Bliss Residences,,-8.674299,115.1743149,osm_only,n/a,0,,False,,exact
osm-607565957,Villa Mannao Estate,,-8.6685362,115.1716046,osm_only,n/a,0,,False,,exact
osm-607566074,Aditya Homestay 86,,-8.6689724,115.1731922,osm_only,n/a,0,,False,,exact
osm-607566089,Casa Santai Villa,,-8.6688737,115.1745203,osm_only,n/a,0,,False,,exact
osm-607571029,The Royal Kimberley Suite Padangsambian Klod,,-8.6835392,115.1804318,osm_only,n/a,0,,False,,exact
osm-607571112,Indico,,-8.68096,115.1751714,osm_only,n/a,0,,False,,exact
osm-607571151,Villa Navada,,-8.6815632,115.1706865,osm_only,n/a,0,,False,,exact
osm-607571168,The Amala,,-8.6894748,115.1716739,osm_only,n/a,0,,False,,exact
osm-607571185,The Bali Dream Villa 1,,-8.6832895,115.1723606,osm_only,n/a,0,,False,,exact
osm-607571424,Collection O 20 Astana Kunti Seminyak,"Seminyak, Badung, Bali, Indonesia",-8.685735,115.1754874,osm_only,n/a,0,,False,,exact
osm-607571444,Le Chloe Villas,,-8.6867827,115.1722547,osm_only,n/a,0,,False,,exact
osm-607571459,The Bali Dream Suite Villa Seminyak,,-8.6865462,115.1731928,osm_only,n/a,0,,False,,exact
osm-607571467,Putri Bali Villa,,-8.687057,115.1730674,osm_only,n/a,0,,False,,exact
osm-607571529,The Citta Luxury Residence,,-8.689156,115.1738528,osm_only,n/a,0,,False,,exact
osm-607589738,D Gaduh Guest House,,-8.7255262,115.1745548,osm_only,n/a,0,,False,,exact
osm-607589779,Jesen's Inn 2,,-8.7255465,115.175223,osm_only,n/a,0,,False,,exact
osm-607590277,Pondok Karenda,,-8.728016,115.1748626,osm_only,n/a,0,,False,,exact
osm-607590365,Saris Hotel,,-8.7286479,115.1768371,osm_only,n/a,0,,False,,exact
osm-607590721,Airy Eco Kuta Bypass Ngurah Rai Gang Patasari,,-8.7309403,115.1800837,osm_only,n/a,0,,False,,exact
osm-607621678,Pensula Beach Resort,,-8.7715385,115.2226572,osm_only,n/a,0,,False,,exact
osm-608571056,Villa Umah Daun Kerobokan Kelod,,-8.6636608,115.1590088,osm_only,n/a,0,,False,,exact
osm-608571205,Villa Tukad Alit,,-8.6611502,115.1671317,osm_only,n/a,0,,False,,exact
osm-608639649,Sitara Villas Kerobokan Kelod,,-8.678241,115.1653776,osm_only,n/a,0,,False,,exact
osm-610289635,Sun Royal Hotel,,-8.7048699,115.1813346,osm_only,n/a,0,,False,,exact
osm-611892978,Villa Arun Bali,Gerokgak,-8.1503725,114.6100092,osm_only,n/a,0,,False,,exact
osm-614218686,Munduk Moding Plantation Nature Resort,,-8.2394136,115.0719713,osm_only,n/a,0,,False,,exact
osm-617781459,Armatera Villas Bali Nusa Dua,,-8.8056074,115.2284798,osm_only,n/a,0,,False,,exact
osm-617781460,The Grand Bali Nusa Dua,,-8.8084137,115.223383,osm_only,n/a,0,,False,,exact
osm-636081762,Horison Seminyak,"Seminyak, Kuta, Badung, Bali",-8.696562,115.1663874,osm_only,n/a,0,,False,,exact
osm-647386492,Umala at Bisma,,-8.5158911,115.2588702,osm_only,n/a,0,,False,,exact
osm-647400561,Rico Amerta,,-8.5155025,115.258652,osm_only,n/a,0,,False,,exact
osm-647605629,The Evitel Resort Ubud,Ubud,-8.5190544,115.2630133,osm_only,n/a,0,,False,,exact
osm-647617344,Le Méridien,,-8.6144008,115.0896819,osm_only,n/a,0,,False,,exact
osm-660679285,Hotel Komune Resort and Beach Club,Keramas,-8.5971383,115.3378906,osm_only,n/a,0,,False,,exact
osm-669354176,Green Jungel Ubud,Pejeng-Guliang,-8.5084373,115.2945347,osm_only,n/a,0,,False,,exact
osm-682986733,The Alantara Sanur,Sanur,-8.7024503,115.2560572,osm_only,n/a,0,,False,,exact
osm-684073607,Sunhouse Guesthouse,Sanur Kauh,-8.7087138,115.2528305,osm_only,n/a,0,,False,,exact
osm-685027973,Villa Centik Sambirenteng,,-8.1503065,115.3948572,osm_only,n/a,0,,False,,exact
osm-704732509,Aston Canggu Pantai Canggu,,-8.6584375,115.1303726,osm_only,n/a,0,,False,,exact
osm-704829269,Ubud Wana Resort,,-8.5216555,115.2565921,osm_only,n/a,0,,False,,exact
osm-705743549,Meruhdani Boutique Hotel Ubud,Ubud,-8.5061538,115.2586984,osm_only,n/a,0,,False,,exact
osm-706858646,Pondok Baruna Frangipani,,-8.665414,115.4515847,osm_only,n/a,0,,False,,exact
osm-706858657,Silver's Bungalows,,-8.6654103,115.4510799,osm_only,n/a,0,,False,,exact
osm-711581476,Pemedal Beach villas & bungalows,,-8.6660945,115.4491884,osm_only,n/a,0,,False,,exact
osm-721490687,Dwaraka The Royal Villas,,-8.4929459,115.2669876,osm_only,n/a,0,,False,,exact
osm-724675838,Kajane Mua,Ubud,-8.5126371,115.2607738,osm_only,n/a,0,,False,,exact
osm-724677216,Anumana Hotel,Ubud,-8.5186191,115.2621282,osm_only,n/a,0,,False,,exact
osm-724677218,Ubud tropical garden,,-8.5184981,115.2619835,osm_only,n/a,0,,False,,exact
osm-795443024,PB Canggu Homestay,,-8.652157,115.1375474,osm_only,n/a,0,,False,,exact
osm-803353582,Aleida Villas,,-8.7059517,115.1795283,osm_only,n/a,0,,False,,exact
osm-803353587,D Wina Villa Kuta,,-8.7061309,115.178521,osm_only,n/a,0,,False,,exact
osm-803365434,The Sakaye Luxury Villas & Spa Kuta,,-8.7072527,115.1785669,osm_only,n/a,0,,False,,exact
osm-803379078,Khrisna Residence Dewi Sri,,-8.7088004,115.1780423,osm_only,n/a,0,,False,,exact
osm-803547677,Hikari Guesthouse,,-8.6983414,115.1811273,osm_only,n/a,0,,False,,exact
osm-808641591,Red Brick Home Stay Kerobokan Kelod,,-8.6711208,115.1768242,osm_only,n/a,0,,False,,exact
osm-808641593,Umanejo Taman Sari 12 Kerobokan Kelod,,-8.6710181,115.176853,osm_only,n/a,0,,False,,exact
osm-808641618,Umanejo 88 Kerobokan Kelod,,-8.6706897,115.1753932,osm_only,n/a,0,,False,,exact
osm-809059700,The Grey Boutique Inn,"Seminyak, Kuta, Legian, Bali",-8.7001793,115.1761879,osm_only,n/a,0,,False,,exact
osm-809059715,Pondok Dedawa,,-8.6984625,115.1754375,osm_only,n/a,0,,False,,exact
osm-809062392,Berry Biz Hotel,"Legian, Kuta, Kabupaten Badung, Bali, Indonesia",-8.6978654,115.1777316,osm_only,n/a,0,,False,,exact
osm-820464415,Fairfield by Marriott Bali Legian,"Legian, Kuta, Bali",-8.6995092,115.1710979,osm_only,n/a,0,,False,,exact
osm-820478769,"Four Points by Sheraton Bali, Seminyak",Seminyak,-8.6743113,115.1527649,osm_only,n/a,0,,False,,exact
osm-820489276,Courtyard Bali Seminyak Resort,Seminyak,-8.6914559,115.1626605,osm_only,n/a,0,,False,,exact
osm-850146382,Villa Latanza Bali,,-8.7057022,115.1783539,osm_only,n/a,0,,False,,exact
osm-850146424,Sri Ratu Villa,,-8.7040756,115.1794455,osm_only,n/a,0,,False,,exact
osm-850196699,Nikaya Villas Legian,,-8.700533,115.1760391,osm_only,n/a,0,,False,,exact
osm-850202678,Serangan Guest House Blok C,,-8.6799522,115.2127818,osm_only,n/a,0,,False,,exact
osm-850225966,OYO 2123 Sun Residence,,-8.7091842,115.1875036,osm_only,n/a,0,,False,,exact
osm-850517386,The Ambengan Tenten Pemecutan Klod,,-8.6724321,115.2014959,osm_only,n/a,0,,False,,exact
osm-850533110,The Murdha Bali Villa,,-8.6936975,115.1718676,osm_only,n/a,0,,False,,exact
osm-850533112,Singgah Villas Seminyak,,-8.6943341,115.1721266,osm_only,n/a,0,,False,,exact
osm-856031631,The Orange Homestay,,-8.6850335,115.2031335,osm_only,n/a,0,,False,,exact
osm-860569480,Pondok Asry,,-8.6383865,115.1867552,osm_only,n/a,0,,False,,exact
osm-860569497,Hotel Satrya Ayu,,-8.6393265,115.187732,osm_only,n/a,0,,False,,exact
osm-872823432,Madani Antique Villas,,-8.4672255,115.2714476,osm_only,n/a,0,,False,,exact
osm-874107686,Ssense Hotel,,-8.5096137,115.2688291,osm_only,n/a,0,,False,,exact
osm-888392735,AB Hotel Kuta,,-8.7247836,115.173446,osm_only,n/a,0,,False,,exact
osm-888395507,Royal Singosari Kuta,"Kuta, Bali, Indonesia",-8.7243144,115.1729358,osm_only,n/a,0,,False,,exact
osm-888557795,Hotel Kendi Mas,,-8.7251389,115.1739342,osm_only,n/a,0,,False,,exact
osm-888676540,Ossotel,"Legian, Bali",-8.7015954,115.1656638,osm_only,n/a,0,,False,,exact
osm-888815691,Damai Sentosa Resort,,-8.6587904,115.131651,osm_only,n/a,0,,False,,exact
osm-890827826,Shiva Dham Villa's Ubud,,-8.5050673,115.2978526,osm_only,n/a,0,,False,,exact
osm-892157871,Royal Kamuela Villas & Suites,,-8.51613,115.2590425,osm_only,n/a,0,,False,,exact
osm-894002527,Holiday Inn Express Baruna Bali,Kuta,-8.7369789,115.1640683,osm_only,n/a,0,,False,,exact
osm-914393381,The Trans Resort Bali,"Seminyak, Kuta, Bali",-8.6816697,115.1661327,osm_only,n/a,0,,False,,exact
osm-917363651,Ami Soul Villa,,-8.6653016,115.1478172,osm_only,n/a,0,,False,,exact
osm-921197156,Ivory Resort Seminyak,,-8.674327,115.1581924,osm_only,n/a,0,,False,,exact
osm-924453407,Villa Flesh,,-8.5591384,115.2683036,osm_only,n/a,0,,False,,exact
osm-944131517,Marriott's Bali Nusa Dua Gardens,"Nusa Dua, Bali",-8.8069356,115.2242702,osm_only,n/a,0,,False,,exact
osm-970356660,ZIN Canggu Resort & Villas,Canggu,-8.6599009,115.1332401,osm_only,n/a,0,,False,,exact
osm-993643446,Wanagiri eco Villas,,-8.2399202,115.1056754,osm_only,n/a,0,,False,,exact
osm-1003753971,Koko Condo,,-8.5109565,115.2520635,osm_only,n/a,0,,False,,exact
osm-1003753972,Kubu Janji Villas,,-8.51085,115.2520294,osm_only,n/a,0,,False,,exact
osm-1021730861,Amarin Seminyak,,-8.6806602,115.1627936,osm_only,n/a,0,,False,,exact
osm-1021730878,Villa Una,,-8.6821554,115.1603161,osm_only,n/a,0,,False,,exact
osm-1037907122,Maxone hotels,,-8.8120722,115.1577982,osm_only,n/a,0,,False,,exact
osm-1038685291,Villa Babar,,-8.5549317,115.0272949,osm_only,n/a,0,,False,,exact
osm-1039245288,Bali Abian Suites Villa,,-8.5562818,115.0275173,osm_only,n/a,0,,False,,exact
osm-1052926360,Melka Hotel,,-8.0812201,115.1571244,osm_only,n/a,0,,False,,exact
osm-1054672274,Jro Balian Kancil,,-8.0635798,115.1670432,osm_only,n/a,0,,False,,exact
osm-1054672721,ATAP BALI,,-8.0650099,115.1617724,osm_only,n/a,0,,False,,exact
osm-1055271163,villa keong,,-8.5639129,115.0383455,osm_only,n/a,0,,False,,exact
osm-1067595423,Flock,,-8.5166431,115.2658606,osm_only,n/a,0,,False,,exact
osm-1067781218,Bidadari Butiq Villa,,-8.6832394,115.1696693,osm_only,n/a,0,,False,,exact
osm-1067833451,Paradise Eka Laweya 2,,-8.6969036,115.1731413,osm_only,n/a,0,,False,,exact
osm-1067888908,Villa Beraban,,-8.681452,115.1617712,osm_only,n/a,0,,False,,exact
osm-1069140104,D Canggu Home Stay,,-8.6559096,115.1317625,osm_only,n/a,0,,False,,exact
osm-1069140105,Hello Canggu Home Stay,,-8.6559579,115.1317401,osm_only,n/a,0,,False,,exact
osm-1069140107,Bali Laksita Home Stay Canggu,,-8.6558575,115.1318525,osm_only,n/a,0,,False,,exact
osm-1069140126,Pondok Lulik Homestay Canggu,,-8.6553621,115.1320057,osm_only,n/a,0,,False,,exact
osm-1069146990,Divayana Homestay Canggu,,-8.657948,115.133433,osm_only,n/a,0,,False,,exact
osm-1069146991,Pondok Dedik,,-8.6579441,115.1335835,osm_only,n/a,0,,False,,exact
osm-1069167048,Villa Wiljoba,,-8.658654,115.1339559,osm_only,n/a,0,,False,,exact
osm-1069180686,Villa Marang,,-8.6573921,115.1353378,osm_only,n/a,0,,False,,exact
osm-1069198624,Melati Bali Home Stay Canggu,,-8.6531347,115.1307369,osm_only,n/a,0,,False,,exact
osm-1069213870,The Clifton Canggu Villas,Canggu,-8.6590178,115.1333043,osm_only,n/a,0,,False,,exact
osm-1069474212,Sense Canggu Beach Hotel Pererenan,,-8.6511544,115.1262987,osm_only,n/a,0,,False,,exact
osm-1069490559,Kano Loft Canggu,,-8.6475019,115.1327844,osm_only,n/a,0,,False,,exact
osm-1069498981,Villa Tepikali Canggu,,-8.6495636,115.129406,osm_only,n/a,0,,False,,exact
osm-1069502624,Perissos Echo Beach Canggu,,-8.6536768,115.1275987,osm_only,n/a,0,,False,,exact
osm-1069505515,Sunflower Stay And Surf Canggu,,-8.6536882,115.1320419,osm_only,n/a,0,,False,,exact
osm-1069533887,Castaway Hostel,,-8.6484102,115.1344427,osm_only,n/a,0,,False,,exact
osm-1069551057,Ametis Villa Canggu,,-8.6567883,115.131419,osm_only,n/a,0,,False,,exact
osm-1069554259,Lenas Living Canggu,,-8.6536432,115.1334686,osm_only,n/a,0,,False,,exact
osm-1069554261,Villa Oasis 74,,-8.6537995,115.1337497,osm_only,n/a,0,,False,,exact
osm-1069554296,Lotus Guest House,,-8.652843,115.1335657,osm_only,n/a,0,,False,,exact
osm-1069554304,Canggu HBD Home Stay,,-8.6530002,115.1332752,osm_only,n/a,0,,False,,exact
osm-1069557380,Villa Capella Pererenan,,-8.6467497,115.1257767,osm_only,n/a,0,,False,,exact
osm-1069816045,Bali Aga Canggu,,-8.6556957,115.1352519,osm_only,n/a,0,,False,,exact
osm-1069816046,Lebak Bali Nelayan Canggu,,-8.6557649,115.135507,osm_only,n/a,0,,False,,exact
osm-1081295022,The Dipan Resort Petitenget,,-8.680446,115.152265,osm_only,n/a,0,,False,,exact
osm-1081373486,Hotel Kumala Pantai,"Legian, Kuta, Bali",-8.6990854,115.1653724,osm_only,n/a,0,,False,,exact
osm-1081390586,Zest Hotel Legian,"Legian, Kuta, Badung, Bali",-8.700004,115.1660286,osm_only,n/a,0,,False,,exact
osm-1081546286,Villa Kalimaya,,-8.6834511,115.1545851,osm_only,n/a,0,,False,,exact
osm-1081679741,Mano Villa Seminyak,,-8.679565,115.1548446,osm_only,n/a,0,,False,,exact
osm-1081680938,Villa Simprana Kerobokan Kelod,,-8.6797682,115.1684686,osm_only,n/a,0,,False,,exact
osm-1081964846,Tirta Bali Villa,"Jimbaran, Bali, Indonesia",-8.7879785,115.1906403,osm_only,n/a,0,,False,,exact
osm-1081976501,Ping Hotel,,-8.6923675,115.1630468,osm_only,n/a,0,,False,,exact
osm-1082422012,Villa Tirta Bali Dua,,-8.7107041,115.2116492,osm_only,n/a,0,,False,,exact
osm-1083072570,CR Tris Room Seminyak,,-8.6908114,115.1694243,osm_only,n/a,0,,False,,exact
osm-1083232223,Bali Lush,,-8.4627542,115.0524607,osm_only,n/a,0,,False,,exact
osm-1083797782,Valentine Villa,,-8.6815821,115.1694174,osm_only,n/a,0,,False,,exact
osm-1085277151,Villa Prema,,-8.6832916,115.1712024,osm_only,n/a,0,,False,,exact
osm-1086568751,Mahalini I Villa Seminyak,,-8.6849848,115.1649509,osm_only,n/a,0,,False,,exact
osm-1086578517,Palm Tree Villa Oberoi,,-8.685189,115.1606606,osm_only,n/a,0,,False,,exact
osm-1086729894,Villa Eshara Seminyak,,-8.6868365,115.1586486,osm_only,n/a,0,,False,,exact
osm-1087522282,AusIndo Bali Villas Seminyak,,-8.6909729,115.1695188,osm_only,n/a,0,,False,,exact
osm-1088479550,Seminyak Beach Luxury Villa,,-8.6943484,115.1632694,osm_only,n/a,0,,False,,exact
osm-1088487304,Bali Yarravillas Seminyak,,-8.6949551,115.1670936,osm_only,n/a,0,,False,,exact
osm-1088516916,Taman Mesari Seminyak,,-8.6963081,115.1697339,osm_only,n/a,0,,False,,exact
osm-1089342037,Bisma Suites,,-8.7000117,115.1705166,osm_only,n/a,0,,False,,exact
osm-1089382589,Jimbaran Grill House Legian,,-8.7007715,115.1635322,osm_only,n/a,0,,False,,exact
osm-1090242553,Secret Point Huts reception,,-8.7072764,115.4386195,osm_only,n/a,0,,False,,exact
osm-1092502721,Kamaniiya Petitenget Seminyak,,-8.6723892,115.1592416,osm_only,n/a,0,,False,,exact
osm-1093714267,Apotek Sidhi Farma,,-8.6439876,115.1569047,osm_only,n/a,0,,False,,exact
osm-1093743961,House of Winds Bali,Kerobokan Klod,-8.6581885,115.1580521,osm_only,n/a,0,,False,,exact
osm-1094017902,Alila Seminyak,"Kerobokan, Kuta Utara, Kabupaten Badung, Bali, Indonesia",-8.6803726,115.150396,osm_only,n/a,0,,False,,exact
osm-1097019117,Bali Beach Hotel,,-8.6779735,115.2633124,osm_only,n/a,0,,False,,exact
osm-1132399264,Papillon Echobeach Hotel Canggu,,-8.6533612,115.1268278,osm_only,n/a,0,,False,,exact
osm-1132411628,Caroline Guest House,,-8.6516446,115.1285668,osm_only,n/a,0,,False,,exact
osm-1132425489,Villa Edelweiss 99 Canggu,,-8.6474047,115.1317547,osm_only,n/a,0,,False,,exact
osm-1132449840,Villa Paloma,,-8.6468675,115.129599,osm_only,n/a,0,,False,,exact
osm-1150505123,NH Residence,,-8.807294,115.1573959,osm_only,n/a,0,,False,,exact
osm-1150507569,Lobby Golden Tulip Bay View Hotel & Convention Bali,,-8.8086986,115.1588222,osm_only,n/a,0,,False,,exact
osm-1150580649,Kubu GWK Resort Bali,,-8.7962008,115.163549,osm_only,n/a,0,,False,,exact
osm-1150581320,Hotel Kencana Jimbaran,,-8.7900056,115.1594451,osm_only,n/a,0,,False,,exact
osm-1150625369,Maya Jineng Villa,,-8.7973898,115.1841395,osm_only,n/a,0,,False,,exact
osm-1150731466,Bali Harmoni Villa Jalan Nelayan,,-8.658071,115.1342549,osm_only,n/a,0,,False,,exact
osm-1151421173,Villa Phiantina,,-8.8116113,115.1579246,osm_only,n/a,0,,False,,exact
osm-1160581509,Kastara,,-8.4876632,115.2588631,osm_only,n/a,0,,False,,exact
osm-1190585849,Holiday Inn Bali Sanur,Sanur,-8.7060031,115.2618224,osm_only,n/a,0,,False,,exact
osm-1190585851,Artotel Sanur,Sanur,-8.7054008,115.2609648,osm_only,n/a,0,,False,,exact
osm-1200624046,Sabana Ubud,,-8.5243291,115.2626919,osm_only,n/a,0,,False,,exact
osm-1229880502,Full moon,,-8.6528054,115.1306352,osm_only,n/a,0,,False,,exact
osm-1237936451,Villa Domino,,-8.6806047,115.1640923,osm_only,n/a,0,,False,,exact
osm-1243299101,Nugraha Lovina Seaview Resort & Spa,,-8.167898,115.0078473,osm_only,n/a,0,,False,,exact
osm-1244194751,Puri Saron Baruna Beach Cottages,,-8.1334289,115.0572103,osm_only,n/a,0,,False,,exact
osm-1254285759,Pondok 3 Mertha,,-8.717985,115.1765751,osm_only,n/a,0,,False,,exact
osm-1266691155,Stay at Ulu,,-8.8141087,115.0916864,osm_only,n/a,0,,False,,exact
osm-1267879588,Noku Beach House,,-8.6909802,115.1576875,osm_only,n/a,0,,False,,exact
osm-1268534795,Terrasse du Lac Tamblingan,,-8.2679776,115.0877092,osm_only,n/a,0,,False,,exact
osm-1269792844,Owner's Villa,,-8.8459245,115.129081,osm_only,n/a,0,,False,,exact
osm-1270730149,EAZE Villas,,-8.8428771,115.1168832,osm_only,n/a,0,,False,,exact
osm-1270730189,Villa Plenilunio,,-8.8427212,115.1114284,osm_only,n/a,0,,False,,exact
osm-1270730206,Terrazza Plenilunio,,-8.8419289,115.1110534,osm_only,n/a,0,,False,,exact
osm-1271120973,Bubble Hotel Bali,,-8.8400503,115.0955975,osm_only,n/a,0,,False,,exact
osm-1272409620,Padang Padang Surf Camp,,-8.8152142,115.1095082,osm_only,n/a,0,,False,,exact
osm-1272440230,CARI Surf Camp & Villa,,-8.8170633,115.111312,osm_only,n/a,0,,False,,exact
osm-1272448196,Villa Batu,,-8.8189694,115.1080243,osm_only,n/a,0,,False,,exact
osm-1272454183,Bali Green Hills,,-8.8205385,115.1088326,osm_only,n/a,0,,False,,exact
osm-1272909090,Village Bali,,-8.8091316,115.1093931,osm_only,n/a,0,,False,,exact
osm-1273002008,Incense Impossible Beach,,-8.8088921,115.111509,osm_only,n/a,0,,False,,exact
osm-1273002019,Jellyfish Villas,,-8.8089982,115.1118556,osm_only,n/a,0,,False,,exact
osm-1273299900,Sampian Cottages,,-8.8097794,115.1140874,osm_only,n/a,0,,False,,exact
osm-1273299903,Villa San Pedro,,-8.8095667,115.1139318,osm_only,n/a,0,,False,,exact
osm-1273299910,Puri Samana Villas,,-8.8097279,115.1138056,osm_only,n/a,0,,False,,exact
osm-1273312441,Bandido,,-8.8099462,115.1132575,osm_only,n/a,0,,False,,exact
osm-1273312451,Shoreline Villas Bingin,,-8.8095871,115.1129013,osm_only,n/a,0,,False,,exact
osm-1273336369,Santana Villas,,-8.8091844,115.1150992,osm_only,n/a,0,,False,,exact
osm-1273336380,Modjo Villas,,-8.8091079,115.114859,osm_only,n/a,0,,False,,exact
osm-1273336389,Bingin Family Bungalows,,-8.8086665,115.1148568,osm_only,n/a,0,,False,,exact
osm-1273536453,The Raw,,-8.8091442,115.1155676,osm_only,n/a,0,,False,,exact
osm-1273536473,Bingin Retreat,,-8.8098351,115.1154226,osm_only,n/a,0,,False,,exact
osm-1273790033,Gypsea Bali Hotel,,-8.8108083,115.1165629,osm_only,n/a,0,,False,,exact
osm-1273790050,Bingin Sebelas,,-8.8119733,115.1165469,osm_only,n/a,0,,False,,exact
osm-1273790060,Lay Low Villas,,-8.8130181,115.1161506,osm_only,n/a,0,,False,,exact
osm-1274067642,Melrose x The Young Villas,,-8.8147696,115.1144618,osm_only,n/a,0,,False,,exact
osm-1274284072,Bingin Lodge,,-8.8155957,115.1148019,osm_only,n/a,0,,False,,exact
osm-1274390790,YOURS Bingin,,-8.8166537,115.1168191,osm_only,n/a,0,,False,,exact
osm-1274390800,WIRA Homestay,,-8.8162956,115.1177905,osm_only,n/a,0,,False,,exact
osm-1274553744,Villa Mola,,-8.8134841,115.1176931,osm_only,n/a,0,,False,,exact
osm-1274553799,The Bingin Beach Villas,,-8.8121118,115.1176066,osm_only,n/a,0,,False,,exact
osm-1274553810,Bingin Sun & Moon Villas,,-8.8118992,115.1171877,osm_only,n/a,0,,False,,exact
osm-1274562802,Abian Sari Homestay,,-8.8114468,115.1176302,osm_only,n/a,0,,False,,exact
osm-1274562821,Jandaya Bingin,,-8.8118495,115.1179513,osm_only,n/a,0,,False,,exact
osm-1274587554,Villa Bily,,-8.8119589,115.1191742,osm_only,n/a,0,,False,,exact
osm-1274587565,The Bingin Beach Villas Bungalow Resort,,-8.8119982,115.1194287,osm_only,n/a,0,,False,,exact
osm-1274587573,The Warm Sun,,-8.8124956,115.1199094,osm_only,n/a,0,,False,,exact
osm-1274587579,Canang Villas,,-8.8124514,115.1195283,osm_only,n/a,0,,False,,exact
osm-1274587584,Uma Bingin Villas,,-8.8124447,115.1194054,osm_only,n/a,0,,False,,exact
osm-1274587588,Sage Villas,,-8.8124526,115.1192966,osm_only,n/a,0,,False,,exact
osm-1274603447,Eccica Villa,,-8.8125371,115.1203732,osm_only,n/a,0,,False,,exact
osm-1274603479,The Dreamland by The Young Villas,,-8.8115295,115.1217836,osm_only,n/a,0,,False,,exact
osm-1274603517,The Klumpu Bali,,-8.8097778,115.1212269,osm_only,n/a,0,,False,,exact
osm-1274732203,Bingin Pura Vida Villas,,-8.8094745,115.1181701,osm_only,n/a,0,,False,,exact
osm-1274732213,Villa Damai Bingin,,-8.8091073,115.1178338,osm_only,n/a,0,,False,,exact
osm-1274732225,Villa Cashew,,-8.8089927,115.117951,osm_only,n/a,0,,False,,exact
osm-1274732236,Yuzu Villa & Joglo,,-8.808701,115.1184077,osm_only,n/a,0,,False,,exact
osm-1274732241,Casa Jamu,,-8.8085762,115.1184413,osm_only,n/a,0,,False,,exact
osm-1274732251,Amaka Villas,,-8.8084056,115.1184911,osm_only,n/a,0,,False,,exact
osm-1274737518,Villa Moana,,-8.8080754,115.118074,osm_only,n/a,0,,False,,exact
osm-1274737525,Kupu Kupu Villas,,-8.8079308,115.1181861,osm_only,n/a,0,,False,,exact
osm-1274737530,Telaga Sari,,-8.8071536,115.1179786,osm_only,n/a,0,,False,,exact
osm-1274737554,Bingin Surf Left,,-8.8086833,115.1175554,osm_only,n/a,0,,False,,exact
osm-1274737561,Coconut Bingin,,-8.8083198,115.117587,osm_only,n/a,0,,False,,exact
osm-1274867259,Villa Papaya & Zen,,-8.8082158,115.1172074,osm_only,n/a,0,,False,,exact
osm-1274867262,Casa Sula,,-8.8078564,115.1172028,osm_only,n/a,0,,False,,exact
osm-1274867269,Villa Naga,,-8.807914,115.1174154,osm_only,n/a,0,,False,,exact
osm-1274867290,Matanai Villas and Suites,,-8.8079816,115.1176733,osm_only,n/a,0,,False,,exact
osm-1275265263,Teges Asri Homestay,,-8.808883,115.1158277,osm_only,n/a,0,,False,,exact
osm-1275265275,Sal Central,,-8.8082074,115.1153383,osm_only,n/a,0,,False,,exact
osm-1275419916,MMM Boutique Villa,,-8.8082155,115.1159741,osm_only,n/a,0,,False,,exact
osm-1275419929,Casa Maiko,,-8.8085987,115.1164111,osm_only,n/a,0,,False,,exact
osm-1275419937,Villa Nina,,-8.8084055,115.1165447,osm_only,n/a,0,,False,,exact
osm-1275419941,Villa Sunset,,-8.8084473,115.1167418,osm_only,n/a,0,,False,,exact
osm-1275419942,Breathe Boutique Suites,,-8.8082953,115.1164031,osm_only,n/a,0,,False,,exact
osm-1275537338,Casa Pantai,,-8.8076082,115.1163088,osm_only,n/a,0,,False,,exact
osm-1275537343,Il Vicolo Art Villas,,-8.8074678,115.1165461,osm_only,n/a,0,,False,,exact
osm-1275537348,Villa Lautan,,-8.8077907,115.1168861,osm_only,n/a,0,,False,,exact
osm-1275537351,Villa Ale,,-8.8077207,115.1166634,osm_only,n/a,0,,False,,exact
osm-1276051768,Lakra Villas,,-8.8071548,115.1163612,osm_only,n/a,0,,False,,exact
osm-1276314518,Bingin Mimpi Villa,,-8.8067247,115.1176079,osm_only,n/a,0,,False,,exact
osm-1276314519,Bingin Bienvenue Guest House,,-8.8068764,115.1175575,osm_only,n/a,0,,False,,exact
osm-1276314523,Villa Tom & Lucie,,-8.8070093,115.117508,osm_only,n/a,0,,False,,exact
osm-1276416822,The Bingin Green View,,-8.8058205,115.1190098,osm_only,n/a,0,,False,,exact
osm-1276416839,Aurora Wonderland,,-8.8054509,115.1175426,osm_only,n/a,0,,False,,exact
osm-1276416867,Lyvin Bingin Villas,,-8.8058395,115.1175771,osm_only,n/a,0,,False,,exact
osm-1276416881,The Elementum,,-8.8050075,115.1176399,osm_only,n/a,0,,False,,exact
osm-1276691762,The Backyard Bingin,,-8.8047912,115.1169223,osm_only,n/a,0,,False,,exact
osm-1276691766,Oasis Bungalows At Bingin,,-8.8051264,115.1167689,osm_only,n/a,0,,False,,exact
osm-1276691770,The Shack at Bingin,,-8.8053868,115.1166701,osm_only,n/a,0,,False,,exact
osm-1276691775,Duke's Bingin Villas,,-8.8050476,115.1171173,osm_only,n/a,0,,False,,exact
osm-1276708930,Mata Bingin,,-8.8053467,115.1149133,osm_only,n/a,0,,False,,exact
osm-1276775518,The Jepun Villas,,-8.8062601,115.1166162,osm_only,n/a,0,,False,,exact
osm-1276775522,Mahi Mahi Bingin,,-8.8062274,115.1162625,osm_only,n/a,0,,False,,exact
osm-1276775524,Villa Shanti & Suites Bingin,,-8.8064035,115.1164487,osm_only,n/a,0,,False,,exact
osm-1276775526,Adi's Bungalows,,-8.806409,115.1153269,osm_only,n/a,0,,False,,exact
osm-1277727077,Romeo Beachfront Bungalow,,-8.8058493,115.1145066,osm_only,n/a,0,,False,,exact
osm-1277752231,Lumba Lumba Villa,,-8.8072607,115.113027,osm_only,n/a,0,,False,,exact
osm-1277752239,Mû Bungalows Boutique Resort,,-8.8070722,115.1126469,osm_only,n/a,0,,False,,exact
osm-1277792114,Villa Passiflore,,-8.8069616,115.1149612,osm_only,n/a,0,,False,,exact
osm-1277921629,The Sterling Hotel & Villas,,-8.8045234,115.1205039,osm_only,n/a,0,,False,,exact
osm-1277936007,Taman Asih Bingin Homestay,,-8.8024394,115.118409,osm_only,n/a,0,,False,,exact
osm-1278340773,Jumeirah Bali,,-8.7977262,115.1199004,osm_only,n/a,0,,False,,exact
osm-1279857581,Flowerbud Bungalow Balangan II,,-8.7934458,115.1253669,osm_only,n/a,0,,False,,exact
osm-1279857589,Brothers Bungalows,,-8.793135,115.1252118,osm_only,n/a,0,,False,,exact
osm-1279857593,Flower Bud Bungalow,,-8.7936692,115.1245803,osm_only,n/a,0,,False,,exact
osm-1279877487,Villa Costa Azzurra,,-8.7948668,115.1268929,osm_only,n/a,0,,False,,exact
osm-1279877493,La Reserva,,-8.7950328,115.1272498,osm_only,n/a,0,,False,,exact
osm-1279877519,White Palm Hotel,,-8.7943434,115.1254634,osm_only,n/a,0,,False,,exact
osm-1280391717,The Balangan,,-8.7982684,115.1329273,osm_only,n/a,0,,False,,exact
osm-1280391747,Balangan Garden Bungalows,,-8.8000134,115.1325749,osm_only,n/a,0,,False,,exact
osm-1280391757,Nona's Bali,,-8.7990342,115.1312635,osm_only,n/a,0,,False,,exact
osm-1280391763,Coconuts Villa,,-8.7989962,115.1314824,osm_only,n/a,0,,False,,exact
osm-1280391767,Adinda Balangan Beach Villa,,-8.7989332,115.1317583,osm_only,n/a,0,,False,,exact
osm-1282806640,AYANA Segara,,-8.7869249,115.1409918,osm_only,n/a,0,,False,,exact
osm-1285514043,The Mahahlani,,-8.1101626,115.3170261,osm_only,n/a,0,,False,,exact
osm-1287583408,Arimba at Bisma,,-8.5107193,115.257214,osm_only,n/a,0,,False,,exact
osm-1289308265,Isla Indah Retreat,,-8.6724402,115.4496447,osm_only,n/a,0,,False,,exact
osm-1290598342,HARRIS Hotel Kuta Tuban Bali,"Tuban, Kuta, Badung, Bali",-8.7400593,115.1665608,osm_only,n/a,0,,False,,exact
osm-1320423015,Yoga Amertham Retreat & Resort,,-8.55388,115.3214584,osm_only,n/a,0,,False,,exact
osm-1327091065,Jungle House,,-8.5943137,115.3337757,osm_only,n/a,0,,False,,exact
osm-1343492385,Wanagiri Sunset Glamping,Gitgit,-8.230952,115.1199658,osm_only,n/a,0,,False,,exact
osm-1344448934,Villa Gong Zhu Camille,,-8.6904215,115.2078202,osm_only,n/a,0,,False,,exact
osm-1344543645,Kubu Elsa Bali,,-8.1611454,115.0261225,osm_only,n/a,0,,False,,exact
osm-1352970255,Plawa Laguna Bali,Badung,-8.6506427,115.1249691,osm_only,n/a,0,,False,,exact
osm-1359411239,Villa Bingin Oasis,Bali,-8.8081155,115.1210062,osm_only,n/a,0,,False,,exact
osm-1359592176,Muzeum Villas,,-8.8083231,115.1209669,osm_only,n/a,0,,False,,exact
osm-1408939478,Swan Paradise,Kab. Gianyar,-8.5934194,115.2934797,osm_only,n/a,0,,False,,exact
osm-1413596597,Glamp Nusa,,-8.8346635,115.2087358,osm_only,n/a,0,,False,,exact
osm-1416761993,Blue Lagoon,,-8.7055533,115.4405716,osm_only,n/a,0,,False,,exact
osm-1423827552,Kori Ubud,,-8.4944207,115.253151,osm_only,n/a,0,,False,,exact
osm-1423827553,Restaurant Kori Ubud,,-8.4945982,115.2529506,osm_only,n/a,0,,False,,exact
osm-1434874509,Villa Valeria,,-8.8380753,115.1507192,osm_only,n/a,0,,False,,exact
osm-1442760800,Kolibri Bali,,-8.8300866,115.168205,osm_only,n/a,0,,False,,exact
osm-1442760801,Rumah Arjuna Ungasan,,-8.8299657,115.1681631,osm_only,n/a,0,,False,,exact
osm-1446653788,Hotel Nanda,Denpasar,-8.6728838,115.1908824,osm_only,n/a,0,,False,,exact
osm-1448107484,Can Maestro Bali by House of Winds,Kerobokan Klod,-8.6581862,115.1581123,osm_only,n/a,0,,False,,exact
osm-1448107814,Villa FEH by House of Winds,Kerobokan Klod,-8.6581088,115.1579314,osm_only,n/a,0,,False,,exact
osm-1448108005,Villa Levante by House of Winds,Kerobokan Klod,-8.6580221,115.1577787,osm_only,n/a,0,,False,,exact
osm-1451846687,Aksari Resort,,-8.4289285,115.2976508,osm_only,n/a,0,,False,,exact
osm-1495731228,Villa Bukit Segara,Amed,-8.3468016,115.6794579,osm_only,n/a,0,,False,,exact
osm-1514386637,Cove Dahayu Sanctuary,,-8.703946,115.2558904,osm_only,n/a,0,,False,,exact
osm-1529356718,CASA KĀYA,,-8.8071723,115.1205169,osm_only,n/a,0,,False,,exact
osm-1529640405,Nyuh Lengkong Living & Dining,Tabanan,-8.5620069,115.036215,osm_only,n/a,0,,False,,exact
osm-1539364053,Merlyn,,-8.2557485,115.0894035,osm_only,n/a,0,,False,,exact
osm-1545881473,Villa Tarku,,-8.7078469,115.2541376,osm_only,n/a,0,,False,,exact
osm-1545904032,Danka,,-8.7048807,115.2581526,osm_only,n/a,0,,False,,exact
osm-1557804387,Villa Levi by GORO,Badung,-8.6772717,115.157947,osm_only,n/a,0,,False,,exact
osm-1557805805,Villa Blue Water by GORO,Badung,-8.6783989,115.1655253,osm_only,n/a,0,,False,,exact
osm-1559272650,Maha Hills Resort,,-8.184872,115.1049522,osm_only,n/a,0,,False,,exact
osm-1560726850,Bamboo Deluxe Bungalows,,-8.673177,115.4483165,osm_only,n/a,0,,False,,exact
osm-1560802883,TUI BLUE Berawa,"Kuta utara, Canggu",-8.6606593,115.1399946,osm_only,n/a,0,,False,,exact
osm-1561875642,The Balé Nusa Dua,"Benoa, Nusa Dua",-8.8135538,115.2224428,osm_only,n/a,0,,False,,exact
osm-1561875643,Sekar Nusa Villas,"Benoa, Nusa Dua",-8.8174177,115.2174707,osm_only,n/a,0,,False,,exact
osm-1561875644,Vouk Hotel & Suites,,-8.8185043,115.2166103,osm_only,n/a,0,,False,,exact
osm-1561875652,The Ritz-Carlton Bali,Nusa Dua,-8.8308497,115.2156294,osm_only,n/a,0,,False,,exact
osm-1561875653,Amayi Resort Nusa Dua,,-8.8332627,115.208602,osm_only,n/a,0,,False,,exact
osm-1561875654,Ulu Segara Suites & Villas,,-8.8346382,115.2104339,osm_only,n/a,0,,False,,exact
osm-1561875655,Samabe Bali Suites & Villas,,-8.8332892,115.2114304,osm_only,n/a,0,,False,,exact
